"","x"
"TAATTCTTTATGAGCTTGCGACCTCGATGTTGGACTAGGAATTTGGTAGGCTAGCCGCCTATTTATATTGTTCTGTTCGAACTATTTTTCCT","TAATTCTTTATGAGCTTGCGACCTCGATGTTGGACTAGGAATTTGGTAGGCTAGCCGCCTATTTATATTGTTCTGTTCGAACTATTTTTCCT"
"TAATTCTTTTGAGTTTGCGACCTCGATGTTGGACTAGGAATTTAATCGGCTAGCCGCCTGTTAACATTGTTCTGTTCGAACAGTTTTTCCT","TAATTCTTTTGAGTTTGCGACCTCGATGTTGGACTAGGAATTTAATCGGCTAGCCGCCTGTTAACATTGTTCTGTTCGAACAGTTTTTCCT"
"CAATTTCTCCCGAAAGATGGTATTGGAGGGGAAGATTGCGACCTCGATGTTGGCTTTAGATATCCTAGAGGCGTAGAAGCTTCTAATGGTGGGTCTGTTCGCCCTTTAAAATCTA","CAATTTCTCCCGAAAGATGGTATTGGAGGGGAAGATTGCGACCTCGATGTTGGCTTTAGATATCCTAGAGGCGTAGAAGCTTCTAATGGTGGGTCTGTTCGCCCTTTAAAATCTA"
"CAATCCTCTTTTAGAGCCCATATCGACAAGAGGGTTTACGACCTCGATGTTGGATCAGGACATCCTAATGGTGCAGCCGCTATTAAGGGTTCGTTTGTTCAACGATTAAAGTCCT","CAATCCTCTTTTAGAGCCCATATCGACAAGAGGGTTTACGACCTCGATGTTGGATCAGGACATCCTAATGGTGCAGCCGCTATTAAGGGTTCGTTTGTTCAACGATTAAAGTCCT"
"TAATCTTTTTTGAGAGTTCTAATCGACAAAAAGGTTTGCGACCTCGATGTTGGACTAAAATTTAGGCAGGGTGCAGCAGTTCTGCTTTTAGGTCTGTTCGACCTATAATATTTT","TAATCTTTTTTGAGAGTTCTAATCGACAAAAAGGTTTGCGACCTCGATGTTGGACTAAAATTTAGGCAGGGTGCAGCAGTTCTGCTTTTAGGTCTGTTCGACCTATAATATTTT"
"CAATCCCTTCTTAGAGCCCATATCGACGAAGGGGTTTACGACCTCGATGTTGGATCAGGACATCCTAATGGTGCAGCCGCTATTAAGGGTTCGTTTGTTCAACGATTAATAGTCCT","CAATCCCTTCTTAGAGCCCATATCGACGAAGGGGTTTACGACCTCGATGTTGGATCAGGACATCCTAATGGTGCAGCCGCTATTAAGGGTTCGTTTGTTCAACGATTAATAGTCCT"
"TAATCTTTTTTGAGAGTTCTAATCGACAAAAAGGTTTGCGACCTCGATGTTGGACTAAAATTTAGATGTGGTGCAGCAGCTACATTTTAGGGTCTGTTCGACCCATAATATTTT","TAATCTTTTTTGAGAGTTCTAATCGACAAAAAGGTTTGCGACCTCGATGTTGGACTAAAATTTAGATGTGGTGCAGCAGCTACATTTTAGGGTCTGTTCGACCCATAATATTTT"
"CAATCCTCTTTTAGAGCCCATATCGACAAGGGGGTTTACGACCTCGATGTTGGATCAGGACATCCTAATGGTGCAGCCGCTATTAAGGGTTCGTTTGTTCAACGATTAAAGTCCT","CAATCCTCTTTTAGAGCCCATATCGACAAGGGGGTTTACGACCTCGATGTTGGATCAGGACATCCTAATGGTGCAGCCGCTATTAAGGGTTCGTTTGTTCAACGATTAAAGTCCT"
"CAATCCCCTTTTAGAGCCCATATCGACAAGGGGGTTTACGACCTCGATGTTGGATCAGGACATCCTAATGGTGCAGCCGCTATTAAGGGTTCGTTTGTTCAACGATTAAAGTCCT","CAATCCCCTTTTAGAGCCCATATCGACAAGGGGGTTTACGACCTCGATGTTGGATCAGGACATCCTAATGGTGCAGCCGCTATTAAGGGTTCGTTTGTTCAACGATTAAAGTCCT"
"CAATTTCTCCCGAAAGATGGTATTGGAGGGGAAGATTGTGACCTCGATGTTGGCTTTAGGTGTCCTAGAGGCGTAAAAGCTTCTAAGGGTGGGTCTGTTCGCCCTTTAAAATCTA","CAATTTCTCCCGAAAGATGGTATTGGAGGGGAAGATTGTGACCTCGATGTTGGCTTTAGGTGTCCTAGAGGCGTAAAAGCTTCTAAGGGTGGGTCTGTTCGCCCTTTAAAATCTA"
"CAATCCTATTCTAGAGTCCATATCAACAATAGGGTTTACGACCTCGATGTTGGATCAGGACATCCCGATGGTGCAGCCGCTATTAAAGGTTCGTTTGTTCAACGATTAAAGTCCT","CAATCCTATTCTAGAGTCCATATCAACAATAGGGTTTACGACCTCGATGTTGGATCAGGACATCCCGATGGTGCAGCCGCTATTAAAGGTTCGTTTGTTCAACGATTAAAGTCCT"
"CAATCCCTTCCCAGAGTCCATATCGACGAAGGGGTTTACGACCTCGATGTTGGATCAGGACATCCTAATGGTGCAGCCGCTATTAAGGGTTCGTTTGTTCAACGATTAAAGTCCT","CAATCCCTTCCCAGAGTCCATATCGACGAAGGGGTTTACGACCTCGATGTTGGATCAGGACATCCTAATGGTGCAGCCGCTATTAAGGGTTCGTTTGTTCAACGATTAAAGTCCT"
"CAACCTCCTTGGATAGCCCACATTGATAAGGACTCTTGTGACCTCGATGTTGAATTACAGGTACTAATTGGTGAAGCAGCCTTTGTAGACAGTCTGTTCGACTAATAACCCCTTT","CAACCTCCTTGGATAGCCCACATTGATAAGGACTCTTGTGACCTCGATGTTGAATTACAGGTACTAATTGGTGAAGCAGCCTTTGTAGACAGTCTGTTCGACTAATAACCCCTTT"
"TAATCTTTTTTTAGAGTTCTTATTGAAAAAAAGGTTTGCGACCTCGATGTTGGACTAAGATATCCTGAAGGTGTAGAAGTTTTCAATGGTTAGTCTGTTCGACTATTAAAATCTT","TAATCTTTTTTTAGAGTTCTTATTGAAAAAAAGGTTTGCGACCTCGATGTTGGACTAAGATATCCTGAAGGTGTAGAAGTTTTCAATGGTTAGTCTGTTCGACTATTAAAATCTT"
"CAATCCTCTCCCAGAGTCCCTATCGACGAGGGGGTTTACGACCTCGATGTTGGATCAGGACATCCTAATGGTGCAGCCGCTATTAAGGGTTCGTTTGTTCAACGATTAAAGTCCT","CAATCCTCTCCCAGAGTCCCTATCGACGAGGGGGTTTACGACCTCGATGTTGGATCAGGACATCCTAATGGTGCAGCCGCTATTAAGGGTTCGTTTGTTCAACGATTAAAGTCCT"
"TAATCTTTTTTGAGAGTTCTAATCGACAAAAAGGTTTGCGACCTCGATGTTGGACTAAAATTTAGGCAGGGTGCAGCAGTTCTGCTTTAAGGTCTGTTCGACCTATAATATTTT","TAATCTTTTTTGAGAGTTCTAATCGACAAAAAGGTTTGCGACCTCGATGTTGGACTAAAATTTAGGCAGGGTGCAGCAGTTCTGCTTTAAGGTCTGTTCGACCTATAATATTTT"
"CAATCCTCTCCCAGAGTCCCTATCGACGAGGGGGTTTACGACCTCGATGTTGGATCAGGACATCCTATTGGTGCAGCCGCTAATAAGGGTTCGTTTGTTCAACGATTAAAGTCCT","CAATCCTCTCCCAGAGTCCCTATCGACGAGGGGGTTTACGACCTCGATGTTGGATCAGGACATCCTATTGGTGCAGCCGCTAATAAGGGTTCGTTTGTTCAACGATTAAAGTCCT"
"TAATTCTTTTGAGTTTGCGACCTCGATGTTGGACTAGGAATTTAACCGGCTAGCCGCCTGTTAACATTGTTCTGTTCGAACAGTTTTTCCT","TAATTCTTTTGAGTTTGCGACCTCGATGTTGGACTAGGAATTTAACCGGCTAGCCGCCTGTTAACATTGTTCTGTTCGAACAGTTTTTCCT"
"TTATACCTTTTTAGAGCCCCTATCGCCAAAGGTGTTTACGACCTCGATGTTGAATTGAAGTACCTATTTTAAGCAGCCTTAAAACAAGGAAGTCTGTTCGACTTTTAATTTTTC","TTATACCTTTTTAGAGCCCCTATCGCCAAAGGTGTTTACGACCTCGATGTTGAATTGAAGTACCTATTTTAAGCAGCCTTAAAACAAGGAAGTCTGTTCGACTTTTAATTTTTC"
"TAATCCTCCCGGCGAGACCACATTAAGGGGAGGGTTTGCGACCTCGATGTTGGCTTAGGGCTTCCTAGAAGTGCAGGGGCTTCTAAGGGTTGGTCTGTTCGACCATTAAAGCCTT","TAATCCTCCCGGCGAGACCACATTAAGGGGAGGGTTTGCGACCTCGATGTTGGCTTAGGGCTTCCTAGAAGTGCAGGGGCTTCTAAGGGTTGGTCTGTTCGACCATTAAAGCCTT"
"TTATCTTTTCTGAGAGTTCATATTGACGAAAAGGTTTGCGACCTCGATGTTGGATCGGGACATCCTAAGGGTGCAGAAGCTTTTAAGGGTTGGTCTGTTCGACCATTAAAGTCCT","TTATCTTTTCTGAGAGTTCATATTGACGAAAAGGTTTGCGACCTCGATGTTGGATCGGGACATCCTAAGGGTGCAGAAGCTTTTAAGGGTTGGTCTGTTCGACCATTAAAGTCCT"
"TAATTCTTTATGAGCTTGCGACCTCGATGTTGGACTAGGAATTTGGTAGGCTAGCCGCCTACTTATATTGTTCTGTTCGAACTATTTTTCCT","TAATTCTTTATGAGCTTGCGACCTCGATGTTGGACTAGGAATTTGGTAGGCTAGCCGCCTACTTATATTGTTCTGTTCGAACTATTTTTCCT"
"TAATTCTTTTTGAGCTTGCGACCTCGATGTTGGACTAGGAATTTGGTAGGCTAGCCGCCTATTTATATTGTTCTGTTCGAACTATTTTTCCT","TAATTCTTTTTGAGCTTGCGACCTCGATGTTGGACTAGGAATTTGGTAGGCTAGCCGCCTATTTATATTGTTCTGTTCGAACTATTTTTCCT"
"TAATCCCTCCTAAGAGCCCGCATTGCCGGAGGGGTTTGCGACCTCGATGTTGGATCGGGGAACCCCGATGGTGCAGCCGCTATCAACGGTTGGTCTGTTCGACCATTAAAACCCC","TAATCCCTCCTAAGAGCCCGCATTGCCGGAGGGGTTTGCGACCTCGATGTTGGATCGGGGAACCCCGATGGTGCAGCCGCTATCAACGGTTGGTCTGTTCGACCATTAAAACCCC"
"TAATTCTTTATGAGCTTGCGACCTCGATGTTGGACTAGGAATTTGGCAGGCTAGCCGCCTATTTATATTGTTCTGTTCGAACTATTTTTCCT","TAATTCTTTATGAGCTTGCGACCTCGATGTTGGACTAGGAATTTGGCAGGCTAGCCGCCTATTTATATTGTTCTGTTCGAACTATTTTTCCT"
"TAATTTGGTTCCCGAAAGATCTTATTAAGGGAAGAGTGTGCGACCTCGATGTTGAATTAAAGGAGCTTTTTGGTTGAAAATGCTAAAAGGGCAAAACTGTTCGTTTTTTAATCCTTT","TAATTTGGTTCCCGAAAGATCTTATTAAGGGAAGAGTGTGCGACCTCGATGTTGAATTAAAGGAGCTTTTTGGTTGAAAATGCTAAAAGGGCAAAACTGTTCGTTTTTTAATCCTTT"
"CAATCCTATTCTAGAGTCCATATCAACAATAGGGTTTACGACCTCGATGTTGGATCAGGACATCCCAATGGTGCAGCCGCTATTAAAGGTTCGTTTGTTCAACGATTAAAGTCCT","CAATCCTATTCTAGAGTCCATATCAACAATAGGGTTTACGACCTCGATGTTGGATCAGGACATCCCAATGGTGCAGCCGCTATTAAAGGTTCGTTTGTTCAACGATTAAAGTCCT"
"TAATTCTTTTAAGTTTGCGACCTCGATGTTGGACTAGGAATTTAATCGGCTAGCCGCCTGTTAACATTGTTCTGTTCGAACAGTTTTTCCT","TAATTCTTTTAAGTTTGCGACCTCGATGTTGGACTAGGAATTTAATCGGCTAGCCGCCTGTTAACATTGTTCTGTTCGAACAGTTTTTCCT"
"TAATTCTTTATGAGCTTGCGACCTCGATGTTGGACTAGGAATTTGGTAGGCTAGCCGCCTGTTTATATTGTTCTGTTCGAACTATTTTTCCT","TAATTCTTTATGAGCTTGCGACCTCGATGTTGGACTAGGAATTTGGTAGGCTAGCCGCCTGTTTATATTGTTCTGTTCGAACTATTTTTCCT"
"TAATTCTTTATGGGCTTGCGACCTCGATGTTGGACTAGGAATTTGGTAGGCTAGCCGCCTATTTATATTGTTCTGTTCGAACTATTTTTCCT","TAATTCTTTATGGGCTTGCGACCTCGATGTTGGACTAGGAATTTGGTAGGCTAGCCGCCTATTTATATTGTTCTGTTCGAACTATTTTTCCT"
"TAATTTTTTCTGAGAGGCCTAATTGAAGAAAAAGCTTGCGACCTCGATGTTGGATTAGGGTTTCTGTTTGGCGTAGGAGCTAAATAAGTAGGACTGTTCGTCCTTTAAAACCCT","TAATTTTTTCTGAGAGGCCTAATTGAAGAAAAAGCTTGCGACCTCGATGTTGGATTAGGGTTTCTGTTTGGCGTAGGAGCTAAATAAGTAGGACTGTTCGTCCTTTAAAACCCT"
"CAATTTCTCCCGAAAGATGTTATTGGAGGGGAAGATTGCGACCTCGATGTTGGCTTTAGATATCCTAGAGGCGTAGAAGCTTCTAATGGTGGGTCTGTTCGCCCTTTAAAATCTA","CAATTTCTCCCGAAAGATGTTATTGGAGGGGAAGATTGCGACCTCGATGTTGGCTTTAGATATCCTAGAGGCGTAGAAGCTTCTAATGGTGGGTCTGTTCGCCCTTTAAAATCTA"
"TGCCTGTTAAAATAGTTCATATAAAAATAACAGATAACGACCTCGATGTTGAATTAAGTAATCCTAAAATAGAAAAAGATTTTAAGGAAGGGTCTGTTCGACCCATAGCTACTT","TGCCTGTTAAAATAGTTCATATAAAAATAACAGATAACGACCTCGATGTTGAATTAAGTAATCCTAAAATAGAAAAAGATTTTAAGGAAGGGTCTGTTCGACCCATAGCTACTT"
"TAATTCTTTATGAGTTTGCGACCTCGATGTTGGACTAGGAATTTGGTAGGCTAGCCGCCTATTTATATTGTTCTGTTCGAACTATTTTTCCT","TAATTCTTTATGAGTTTGCGACCTCGATGTTGGACTAGGAATTTGGTAGGCTAGCCGCCTATTTATATTGTTCTGTTCGAACTATTTTTCCT"
"TAATTCTTTATGAGCTTGCGACCTCGATGTTGGACTAGGAATTTGGTAGGCTAGCCGCCTATTTATATTGCTCTGTTCGAACTATTTTTCCT","TAATTCTTTATGAGCTTGCGACCTCGATGTTGGACTAGGAATTTGGTAGGCTAGCCGCCTATTTATATTGCTCTGTTCGAACTATTTTTCCT"
"CAATTTCTCCCGAAAGATGGTATTGGAGGGGAAGATTGTGACCTCGATGTTGGCTTTAGGTGTCCTAGAGGCGTAAAAGCTTCTAAAGGTGGGTCTGTTCGCCCTTTAAAATCTA","CAATTTCTCCCGAAAGATGGTATTGGAGGGGAAGATTGTGACCTCGATGTTGGCTTTAGGTGTCCTAGAGGCGTAAAAGCTTCTAAAGGTGGGTCTGTTCGCCCTTTAAAATCTA"
"TAATACTTTTATAGAGCTCTTATCGTTAAAAGTGCTTTCGACCTCGATGTTGAATTGAATTCTCTTTATAGAGCAGTCTTTATAAAAGAAAGTCTGTTCGACTTTTAAAAATTC","TAATACTTTTATAGAGCTCTTATCGTTAAAAGTGCTTTCGACCTCGATGTTGAATTGAATTCTCTTTATAGAGCAGTCTTTATAAAAGAAAGTCTGTTCGACTTTTAAAAATTC"
"TTATTTCTTCAGAAAGATCATATTTATGAAGAAGATTGCGACCTCGATGTTGAATTAAAAGATCACTAGGGGGTAGAAAGTCTAGAAGAGGGTTTGTTCAACCTTTAAAATTTT","TTATTTCTTCAGAAAGATCATATTTATGAAGAAGATTGCGACCTCGATGTTGAATTAAAAGATCACTAGGGGGTAGAAAGTCTAGAAGAGGGTTTGTTCAACCTTTAAAATTTT"
"TAATATTTATTAACAAGATCACATTATTAATAAAGAGTACGACCTCGATGTTGAACTAAAGGGAAGCTAATGTATAATCTAGTGTCTATCGTCTGTTCGCCGATTTACCTTT","TAATATTTATTAACAAGATCACATTATTAATAAAGAGTACGACCTCGATGTTGAACTAAAGGGAAGCTAATGTATAATCTAGTGTCTATCGTCTGTTCGCCGATTTACCTTT"
"CAATTTCTCCCGAAAGATGGTATTGGAGGGGAAGATTGCGACCTCGATGTTGGCTTTAGATATCCTAGAGGCGTAGAAGCCTCTAATGGTGGGTCTGTTCGCCCTTTAAAATCTA","CAATTTCTCCCGAAAGATGGTATTGGAGGGGAAGATTGCGACCTCGATGTTGGCTTTAGATATCCTAGAGGCGTAGAAGCCTCTAATGGTGGGTCTGTTCGCCCTTTAAAATCTA"
"CAACCTCCTTGGATAGCCCACATTGATAAGGACTCTTGTGACCTCGATGTTGAATTACAGGTACTAATTGGTGAAGCAGCCTTTGTAAACAGTCTGTTCGACTAATAACCCCTTT","CAACCTCCTTGGATAGCCCACATTGATAAGGACTCTTGTGACCTCGATGTTGAATTACAGGTACTAATTGGTGAAGCAGCCTTTGTAAACAGTCTGTTCGACTAATAACCCCTTT"
"CAATCCTGTTTGAGAGTCCATATCGACAATAGGGTTTACGACCTCGATGTTGGATCAGGACATCCTAATGGTGCAGCAGCTATTAAGGGTTCGTTTGTTCAACGATTAAAGTCCT","CAATCCTGTTTGAGAGTCCATATCGACAATAGGGTTTACGACCTCGATGTTGGATCAGGACATCCTAATGGTGCAGCAGCTATTAAGGGTTCGTTTGTTCAACGATTAAAGTCCT"
"TAATTCTTTATGAGCTTGCGACCTCGATGTTGGACTAGGAATTTGGTAGGCTAGCCGTCTATTTATATTGTTCTGTTCGAACTATTTTTCCT","TAATTCTTTATGAGCTTGCGACCTCGATGTTGGACTAGGAATTTGGTAGGCTAGCCGTCTATTTATATTGTTCTGTTCGAACTATTTTTCCT"
"TTATCTTCTTTTAGAGGACTAATCGAAAAGAAGGTTTGCGACCTCGATGTTGGATTTGGGTATCTGTCTGGTTGCAGGAGCTAGAGGAGTAGGACTGTTCGTCCTTTAAAACTCA","TTATCTTCTTTTAGAGGACTAATCGAAAAGAAGGTTTGCGACCTCGATGTTGGATTTGGGTATCTGTCTGGTTGCAGGAGCTAGAGGAGTAGGACTGTTCGTCCTTTAAAACTCA"
"TAATTTTCTTTGAGAGCTCTTATCTACAAGAAAGATTGCGACCTCGATGTTGAATTAAAATTTCTTTAAGGTGTAGCAGCTTTAATAGAAGGTCTGTTCGACCTTTAAATTTTT","TAATTTTCTTTGAGAGCTCTTATCTACAAGAAAGATTGCGACCTCGATGTTGAATTAAAATTTCTTTAAGGTGTAGCAGCTTTAATAGAAGGTCTGTTCGACCTTTAAATTTTT"
"TAATCTTTTTGGAGAGTTCTTATCGATAAAAAGGTTTGCGACCTCGATGTTGGATTAAGAAATTAGCAAGGTGCAGAAGTTTTGTTGGAAAGTCTGTTCGACTTTTGATTTCTT","TAATCTTTTTGGAGAGTTCTTATCGATAAAAAGGTTTGCGACCTCGATGTTGGATTAAGAAATTAGCAAGGTGCAGAAGTTTTGTTGGAAAGTCTGTTCGACTTTTGATTTCTT"
"CAATCCCCTCTTAGAGCCCATATCGACGAGGGGGTTTACGACCTCGATGTTGGATCAGGACATCCTAATGGTGCAGCCGCTATTAAGGGTTCGTTTGTTCAACGATTAAAGTCCT","CAATCCCCTCTTAGAGCCCATATCGACGAGGGGGTTTACGACCTCGATGTTGGATCAGGACATCCTAATGGTGCAGCCGCTATTAAGGGTTCGTTTGTTCAACGATTAAAGTCCT"
"TAATTCCTTTGAGTTTGCGACCTCGATGTTGGACTAGGAATTTAATCGGCTAGCCGCCTGTTAACATTGTTCTGTTCGAACAGTTTTTCCT","TAATTCCTTTGAGTTTGCGACCTCGATGTTGGACTAGGAATTTAATCGGCTAGCCGCCTGTTAACATTGTTCTGTTCGAACAGTTTTTCCT"
"CAATTTCTCCCGAAAGATGGTATTGGAGGGGAAGATTGCGACCTCGATGTTGGCTTTAGATATCCTAGAGGCGTAGAAGCTTCTAATGGTGGGTCTGTTCGCCCCTTAAAATCTA","CAATTTCTCCCGAAAGATGGTATTGGAGGGGAAGATTGCGACCTCGATGTTGGCTTTAGATATCCTAGAGGCGTAGAAGCTTCTAATGGTGGGTCTGTTCGCCCCTTAAAATCTA"
"CAATCTCCTCTTAGAGCCCATATCGACGAGGGGGTTTACGACCTCGATGTTGGATCAGGACATCCTAATGGTGCAGCCGCTATTAAGGGTTCGTTTGTTCAACGATTAAAGTCCT","CAATCTCCTCTTAGAGCCCATATCGACGAGGGGGTTTACGACCTCGATGTTGGATCAGGACATCCTAATGGTGCAGCCGCTATTAAGGGTTCGTTTGTTCAACGATTAAAGTCCT"
"TTATTTTTTCTAAGAGACCTAATTGAAGAAAAAGTTTTCGACCTCGATGTTGGATTAAGGTTTCTTTTGGGCGCAGTTGTTCAAATAGTAAGATTGTTCATCTTTTAAAACTTT","TTATTTTTTCTAAGAGACCTAATTGAAGAAAAAGTTTTCGACCTCGATGTTGGATTAAGGTTTCTTTTGGGCGCAGTTGTTCAAATAGTAAGATTGTTCATCTTTTAAAACTTT"
"TAATTTTTCTTTATAGTCCGCATTGAAAGAGAAGATTGCGACCTCGATGTTGGATTAAGGTGACCAGAGGGCGTAGGGGCCCTCTAAGGTTGGTTTGTTCGCCCATAAAAACCCTT","TAATTTTTCTTTATAGTCCGCATTGAAAGAGAAGATTGCGACCTCGATGTTGGATTAAGGTGACCAGAGGGCGTAGGGGCCCTCTAAGGTTGGTTTGTTCGCCCATAAAAACCCTT"
"CAATCCCCTTTTAGAGCCCCTATCGACAAGGGGGTTTACGACCTCGATGTTGGATCAGGACATCCTAATGGTGCAACCGCTATTAAGGGTTCGTTTGTTCAACGATTAAAGTCCT","CAATCCCCTTTTAGAGCCCCTATCGACAAGGGGGTTTACGACCTCGATGTTGGATCAGGACATCCTAATGGTGCAACCGCTATTAAGGGTTCGTTTGTTCAACGATTAAAGTCCT"
"TAATCTTCCTTGATAGTTCTTATAGATGGGGGGGTTTGCGACCTCGATGTTGGCTCTGGGTATCCTGAGGCTTGCAGGCGGTCTCAAGGGTTGGTTCGTTCGCCCATTAAAACCCG","TAATCTTCCTTGATAGTTCTTATAGATGGGGGGGTTTGCGACCTCGATGTTGGCTCTGGGTATCCTGAGGCTTGCAGGCGGTCTCAAGGGTTGGTTCGTTCGCCCATTAAAACCCG"
"TAATTCTTTATGAGCTTGCGACCTCGATGTTGGACTAGGAATTTGGTTGGCTAGCCGCCTATTTATATTGTTCTGTTCGAACTATTTTTCCT","TAATTCTTTATGAGCTTGCGACCTCGATGTTGGACTAGGAATTTGGTTGGCTAGCCGCCTATTTATATTGTTCTGTTCGAACTATTTTTCCT"
"TAATTCTTTATGAGCTTGCGACCTCGATGTTGGACTAGGAATTTGGTGGGCTAGCCGCCTATTTATATTGTTCTGTTCGAACTATTTTTCCT","TAATTCTTTATGAGCTTGCGACCTCGATGTTGGACTAGGAATTTGGTGGGCTAGCCGCCTATTTATATTGTTCTGTTCGAACTATTTTTCCT"
"TAATTCTTTATGAGCTTGCGACCTCGATGTTGGACTAGGAATTTGGTAGGCTAGCCGCCTATTTATATTGTCCTGTTCGAACTATTTTTCCT","TAATTCTTTATGAGCTTGCGACCTCGATGTTGGACTAGGAATTTGGTAGGCTAGCCGCCTATTTATATTGTCCTGTTCGAACTATTTTTCCT"
"TAATTTTTTTTATGAGTTCTTATTAAAAAAAAAGATTGCGACCTCGATGTTGACTTATGGTTTCCTTTTGGTGCAGTAGCTATTAGGGTGGGTCTGTTCGACCTTTAAAACCTT","TAATTTTTTTTATGAGTTCTTATTAAAAAAAAAGATTGCGACCTCGATGTTGACTTATGGTTTCCTTTTGGTGCAGTAGCTATTAGGGTGGGTCTGTTCGACCTTTAAAACCTT"
"TGCAGCACAATCTAGTGTGTAACGACCTCGATGTTGAATTAAAGCTCCTTGCCCCCAGCCGGGGCTATGGTGAAGTCTGTTCGACTTGATGCTTT","TGCAGCACAATCTAGTGTGTAACGACCTCGATGTTGAATTAAAGCTCCTTGCCCCCAGCCGGGGCTATGGTGAAGTCTGTTCGACTTGATGCTTT"
"TAATTCTTTATGAGCTTGCGACCTCGATGTTGGACTAGGAATTTGGTAGGCTAGCCGCCTATTTACATTGTTCTGTTCGAACTATTTTTCCT","TAATTCTTTATGAGCTTGCGACCTCGATGTTGGACTAGGAATTTGGTAGGCTAGCCGCCTATTTACATTGTTCTGTTCGAACTATTTTTCCT"
"TAATTCCTTATGAGCTTGCGACCTCGATGTTGGACTAGGAATTTGGTAGGCTAGCCGCCTATTTATATTGTTCTGTTCGAACTATTTTTCCT","TAATTCCTTATGAGCTTGCGACCTCGATGTTGGACTAGGAATTTGGTAGGCTAGCCGCCTATTTATATTGTTCTGTTCGAACTATTTTTCCT"
"TAATTCTTTATGAGCTTGCGACCTCGATGTTGGACTAGGAATTTGGTAGGCTAGCCGCCTATTTATATTGTTCTGTTCGAACTATCTTTCCT","TAATTCTTTATGAGCTTGCGACCTCGATGTTGGACTAGGAATTTGGTAGGCTAGCCGCCTATTTATATTGTTCTGTTCGAACTATCTTTCCT"
"CAATTTCTCCCGAAAGATGGTATTGGAGGGGAAGATTGCGACCTCGATGTTGGCTTTAGATATCCTAGAGGCGTAGAGGCTTCTAATGGTGGGTCTGTTCGCCCTTTAAAATCTA","CAATTTCTCCCGAAAGATGGTATTGGAGGGGAAGATTGCGACCTCGATGTTGGCTTTAGATATCCTAGAGGCGTAGAGGCTTCTAATGGTGGGTCTGTTCGCCCTTTAAAATCTA"
"TTATTTCTTCTGAGAGATCTAATTGAAGAAGAAGATTGCGACCTCGATGTTGGATTAGGATTTCTTGTTGGCGTAGAGGCTAGTTGAGTAGGACTGTTCGTCCTTTAAAATTCT","TTATTTCTTCTGAGAGATCTAATTGAAGAAGAAGATTGCGACCTCGATGTTGGATTAGGATTTCTTGTTGGCGTAGAGGCTAGTTGAGTAGGACTGTTCGTCCTTTAAAATTCT"
"TTATCTTTTTTTAGAGAACTAATCGAAAAAAAGGTTTGCGACCTCGATGTTGGATTTGGGTAGCCATTTGGTTGTAGGGGCTAAAAGGGTAGGACTGTTCGTCCTTTAAAACTCA","TTATCTTTTTTTAGAGAACTAATCGAAAAAAAGGTTTGCGACCTCGATGTTGGATTTGGGTAGCCATTTGGTTGTAGGGGCTAAAAGGGTAGGACTGTTCGTCCTTTAAAACTCA"
"TAATTCTTTATGATCTTGCGACCTCGATGTTGGACTAGGAATTTGGTAGGCTAGCCGCCTATTTATATTGTTCTGTTCGAACTATTTTTCCT","TAATTCTTTATGATCTTGCGACCTCGATGTTGGACTAGGAATTTGGTAGGCTAGCCGCCTATTTATATTGTTCTGTTCGAACTATTTTTCCT"
"TTATTTTTCTTTATAGTCCGTATAGAAAGAAAAGATTGCGACCTCGATGTTGGATTAAGGTGTCCTGAAGGTGTAGAAGCCTTTTAGGGTTGGTCTGTTCGCCCATAAAAACCCTT","TTATTTTTCTTTATAGTCCGTATAGAAAGAAAAGATTGCGACCTCGATGTTGGATTAAGGTGTCCTGAAGGTGTAGAAGCCTTTTAGGGTTGGTCTGTTCGCCCATAAAAACCCTT"
"TAATTCTCTATGAGCTTGCGACCTCGATGTTGGACTAGGAATTTGGTAGGCTAGCCGCCTATTTATATTGTTCTGTTCGAACTATTTTTCCT","TAATTCTCTATGAGCTTGCGACCTCGATGTTGGACTAGGAATTTGGTAGGCTAGCCGCCTATTTATATTGTTCTGTTCGAACTATTTTTCCT"
"TAATTCTTTATGAGCTTGCGACCTCGATGTTGGACTAGGAATTTGGTAGGCTAGCCGCCCATTTATATTGTTCTGTTCGAACTATTTTTCCT","TAATTCTTTATGAGCTTGCGACCTCGATGTTGGACTAGGAATTTGGTAGGCTAGCCGCCCATTTATATTGTTCTGTTCGAACTATTTTTCCT"
"TAATTCTTTATGAGCTTGCGACCTCGATGTTGGACTAGGAATTTGGTAGGCTAGCCGCCTATTTATATTGTTCTGTTCGAACTATTTTTCCC","TAATTCTTTATGAGCTTGCGACCTCGATGTTGGACTAGGAATTTGGTAGGCTAGCCGCCTATTTATATTGTTCTGTTCGAACTATTTTTCCC"
"CGATTTCTCCCGAAAGATGGTATTGGAGGGGAAGATTGTGACCTCGATGTTGGCTTTAGGTGTCCTAGAGGCGTAAAAGCTTCTAAGGGTGGGTCTGTTCGCCCTTTAAAATCTA","CGATTTCTCCCGAAAGATGGTATTGGAGGGGAAGATTGTGACCTCGATGTTGGCTTTAGGTGTCCTAGAGGCGTAAAAGCTTCTAAGGGTGGGTCTGTTCGCCCTTTAAAATCTA"
"CAATGTCTTTTCAGAGCCCTCATCGGCAAAGACGTTTACGACCTCGATGTTGAATTGAAGAACCTACGTGAAGCAGCCCTCACGAAAGGAAGTCTGTTCGACTTTTAATCCTTC","CAATGTCTTTTCAGAGCCCTCATCGGCAAAGACGTTTACGACCTCGATGTTGAATTGAAGAACCTACGTGAAGCAGCCCTCACGAAAGGAAGTCTGTTCGACTTTTAATCCTTC"
"TAATTCTTTATGAGCTTGCGACCTCGATGTTGGACTAGGAATTTGGTAGGCTAGCCGCCTATTTATATTGTTCTGCTCGAACTATTTTTCCT","TAATTCTTTATGAGCTTGCGACCTCGATGTTGGACTAGGAATTTGGTAGGCTAGCCGCCTATTTATATTGTTCTGCTCGAACTATTTTTCCT"
"TAATCCTTTTGAGTTTGCGACCTCGATGTTGGACTAGGAATTTAATCGGCTAGCCGCCTGTTAACATTGTTCTGTTCGAACAGTTTTTCCT","TAATCCTTTTGAGTTTGCGACCTCGATGTTGGACTAGGAATTTAATCGGCTAGCCGCCTGTTAACATTGTTCTGTTCGAACAGTTTTTCCT"
"CAATTTACTTGGTGAGTTGGTATCTATGGGTAAGTTTGTGACCTCGATGTTGGACTAAGATATCCTTCAAGTGCAGCGGTTTGAAAGGGTTGGTCTGTTCGACCATTAATATCTT","CAATTTACTTGGTGAGTTGGTATCTATGGGTAAGTTTGTGACCTCGATGTTGGACTAAGATATCCTTCAAGTGCAGCGGTTTGAAAGGGTTGGTCTGTTCGACCATTAATATCTT"
"CAATTTCTCCCGAAAGATGGTATTGGAGGGGAAGATTGCGACCTCGATGTTGGCTTTAGATATCCTAGAGGCGTAGAAGCTTCCAATGGTGGGTCTGTTCGCCCTTTAAAATCTA","CAATTTCTCCCGAAAGATGGTATTGGAGGGGAAGATTGCGACCTCGATGTTGGCTTTAGATATCCTAGAGGCGTAGAAGCTTCCAATGGTGGGTCTGTTCGCCCTTTAAAATCTA"
"TAATTCTTTTGAGTTTGCGACCTCGATGTTGGACTAGGAATTTAATCGGCTAGCCGCCTGTTAACATTGTTCTGTTCGAGCAGTTTTTCCT","TAATTCTTTTGAGTTTGCGACCTCGATGTTGGACTAGGAATTTAATCGGCTAGCCGCCTGTTAACATTGTTCTGTTCGAGCAGTTTTTCCT"
"TAATTCTTTATGAGCTTGCGACCTCGATGTTGGACTAGGAATTTGGTAGGCTAGTCGCCTATTTATATTGTTCTGTTCGAACTATTTTTCCT","TAATTCTTTATGAGCTTGCGACCTCGATGTTGGACTAGGAATTTGGTAGGCTAGTCGCCTATTTATATTGTTCTGTTCGAACTATTTTTCCT"
"CAATCCCCTTTTAGAGCCCCTATCGACAAGGGGGTTTACGACCTCGATGTTGGATCAGGACATCCTAATGGTGCAACCGCTATTGAGGGTTCGTTTGTTCAACGATTAAAGTCCT","CAATCCCCTTTTAGAGCCCCTATCGACAAGGGGGTTTACGACCTCGATGTTGGATCAGGACATCCTAATGGTGCAACCGCTATTGAGGGTTCGTTTGTTCAACGATTAAAGTCCT"
"TAATCTTCCCCGAGAGTTCTTATCTACAGGAAGGATTGCGACCTCGATGTTGGACTAGGATATCCCGAAGGTGCAGCAGCTTTCAAGGGTAGGTCTGTTCGACCTTTAAAATCCT","TAATCTTCCCCGAGAGTTCTTATCTACAGGAAGGATTGCGACCTCGATGTTGGACTAGGATATCCCGAAGGTGCAGCAGCTTTCAAGGGTAGGTCTGTTCGACCTTTAAAATCCT"
"TAATTTTTTTGGAGAGTTCAAATCGATAAAAAAGATTGCGACCTCGATGTTGGACTAAGAATTATTTTAGGTGTAGAAGTTTAAATTTTAAGTCTGTTCGACTTTTAAATTCTT","TAATTTTTTTGGAGAGTTCAAATCGATAAAAAAGATTGCGACCTCGATGTTGGACTAAGAATTATTTTAGGTGTAGAAGTTTAAATTTTAAGTCTGTTCGACTTTTAAATTCTT"
"CAATTTCTCCCGAAAGATGGTATTGGAGGGGAAGATTGCGACCTCGATGTTGGCTTTAGATATCCTAGAGGCGTAGAAGCTTTTAATGGTGGGTCTGTTCGCCCTTTAAAATCTA","CAATTTCTCCCGAAAGATGGTATTGGAGGGGAAGATTGCGACCTCGATGTTGGCTTTAGATATCCTAGAGGCGTAGAAGCTTTTAATGGTGGGTCTGTTCGCCCTTTAAAATCTA"
"TAATTCTTTATGAGCTTGCGACCTCGATGTTGGACTAGGAATTTGGTAGGCTAGCCGCCTATTTATACTGTTCTGTTCGAACTATTTTTCCT","TAATTCTTTATGAGCTTGCGACCTCGATGTTGGACTAGGAATTTGGTAGGCTAGCCGCCTATTTATACTGTTCTGTTCGAACTATTTTTCCT"
"TAATTCTTTATGAGCTTGCGACCTCGATGTTGGACTAGGAATTTGGTAGGCTAGCCGCCTATTTATATTGTTCTGTTCGAACCATTTTTCCT","TAATTCTTTATGAGCTTGCGACCTCGATGTTGGACTAGGAATTTGGTAGGCTAGCCGCCTATTTATATTGTTCTGTTCGAACCATTTTTCCT"
"CAATGTTTTTTTAGAGCCCTCATCGGCAAAAGCGTTTACGACCTCGATGTTGAATTGAAGAACCTCCGCAGAGCAGCCCTTGCGAAAGGAAGTCTGTTCGACTTTTTATCCTTC","CAATGTTTTTTTAGAGCCCTCATCGGCAAAAGCGTTTACGACCTCGATGTTGAATTGAAGAACCTCCGCAGAGCAGCCCTTGCGAAAGGAAGTCTGTTCGACTTTTTATCCTTC"
"CAATTTCTCCCGAAAGATGGTATTGGAGGGGAAGATTGCGACCTCGATGTTGGCTTTAGATGTCCTAGAGGCGTAGAAGCTTCTAATGGTGGGTCTGTTCGCCCTTTAAAATCTA","CAATTTCTCCCGAAAGATGGTATTGGAGGGGAAGATTGCGACCTCGATGTTGGCTTTAGATGTCCTAGAGGCGTAGAAGCTTCTAATGGTGGGTCTGTTCGCCCTTTAAAATCTA"
"TAATTCTTTTGAGTTTGCGACCTCGATGTTGGACTAGGAATTTAATCGGCTAGCCGCCTGTTAACATTGTCCTGTTCGAACAGTTTTTCCT","TAATTCTTTTGAGTTTGCGACCTCGATGTTGGACTAGGAATTTAATCGGCTAGCCGCCTGTTAACATTGTCCTGTTCGAACAGTTTTTCCT"
"CAATTTCTCCCGAAAGATGGTATTGGAGGGGAAGATTGCGACCTCGATGTTGGCTTTAGATACCCTAGAGGCGTAGAAGCTTCTAATGGTGGGTCTGTTCGCCCTTTAAAATCTA","CAATTTCTCCCGAAAGATGGTATTGGAGGGGAAGATTGCGACCTCGATGTTGGCTTTAGATACCCTAGAGGCGTAGAAGCTTCTAATGGTGGGTCTGTTCGCCCTTTAAAATCTA"
"TAATTCTTTTGAGTTTGCGACCTCGATGTTGGACTAGGAATTTAATCGGCTAGCCGCCTATTAACATTGTTCTGTTCGAACAGTTTTTCCT","TAATTCTTTTGAGTTTGCGACCTCGATGTTGGACTAGGAATTTAATCGGCTAGCCGCCTATTAACATTGTTCTGTTCGAACAGTTTTTCCT"
"CAATCATTTTGGTAAGGCCAAATTTAAGGAATGGTTTGCGACCTCGATGTTGAATCAAAATTTCTACCCGGTGCAGCAATTGGGTTAGTAGGACTGTTCGTCCTTTAAAATTTT","CAATCATTTTGGTAAGGCCAAATTTAAGGAATGGTTTGCGACCTCGATGTTGAATCAAAATTTCTACCCGGTGCAGCAATTGGGTTAGTAGGACTGTTCGTCCTTTAAAATTTT"
"CAATTTCTCCCGAAAGATGGTATTGGAGGGGAAGATTGCGACCTCGATGTTGGCTTTAGATATCCTAGAGGCGTAGAAGCTTCTAATGGTAGGTCTGTTCGCCCTTTAAAATCTA","CAATTTCTCCCGAAAGATGGTATTGGAGGGGAAGATTGCGACCTCGATGTTGGCTTTAGATATCCTAGAGGCGTAGAAGCTTCTAATGGTAGGTCTGTTCGCCCTTTAAAATCTA"
"CAATTTCTCCCGAAAGATGGTATTGGAGGGGAAGATTGCGACCTCGATGTTGGCTTTAGATATCCTAGAGGCGTAGAAGCTTCTAATGGTGGGTCTGTCCGCCCTTTAAAATCTA","CAATTTCTCCCGAAAGATGGTATTGGAGGGGAAGATTGCGACCTCGATGTTGGCTTTAGATATCCTAGAGGCGTAGAAGCTTCTAATGGTGGGTCTGTCCGCCCTTTAAAATCTA"
"CAATTTCTCCCGAAAGATGGTATTGGAGGGGAAGATTGCGACCTCGATGTTGGCTTTAGATATCCTAGAGGCGTAGAAGCTTCTAATGGTGGGTCTGTTTGCCCTTTAAAATCTA","CAATTTCTCCCGAAAGATGGTATTGGAGGGGAAGATTGCGACCTCGATGTTGGCTTTAGATATCCTAGAGGCGTAGAAGCTTCTAATGGTGGGTCTGTTTGCCCTTTAAAATCTA"
"CGACAAATTAAGAGTTCAAATCTAATCTTTTTATAGCGACCTCGATGTTGAATTAGGGACTAGTTACTAGTAGAAAAGTAATTAACGGGACTGTTCGGCCCTTTCCCCT","CGACAAATTAAGAGTTCAAATCTAATCTTTTTATAGCGACCTCGATGTTGAATTAGGGACTAGTTACTAGTAGAAAAGTAATTAACGGGACTGTTCGGCCCTTTCCCCT"
"TTATTTTTTTTGAGAGTTCATATCGAAAAAAAAGTTTGCGACCTCGATGTTGAATTAAAATAATCTTTTTAGTGCAGCCGCTATAGAAGAGGGTCTGTTCGACCTTTAAAATTTT","TTATTTTTTTTGAGAGTTCATATCGAAAAAAAAGTTTGCGACCTCGATGTTGAATTAAAATAATCTTTTTAGTGCAGCCGCTATAGAAGAGGGTCTGTTCGACCTTTAAAATTTT"
"TTATACCTTTTTAGAGCCCCTATCGCCAAAGGTGTTTACGACCTCGATGTTGAATTGAAGTACCTATTTTAAGCAGCCTTAAAATAAGGAAGTCTGTTCGACTTTTAATTTTTC","TTATACCTTTTTAGAGCCCCTATCGCCAAAGGTGTTTACGACCTCGATGTTGAATTGAAGTACCTATTTTAAGCAGCCTTAAAATAAGGAAGTCTGTTCGACTTTTAATTTTTC"
"CAACCCCCTTGGATAGCCCACATTGATAAGGACTCTTGTGACCTCGATGTTGAATTACAGGTACTAATTGGTGAAGCAGCCTTTGTAGACAGTCTGTTCGACTAATAACCCCTTT","CAACCCCCTTGGATAGCCCACATTGATAAGGACTCTTGTGACCTCGATGTTGAATTACAGGTACTAATTGGTGAAGCAGCCTTTGTAGACAGTCTGTTCGACTAATAACCCCTTT"
"TAATTTTTTATGAGCTTGCGACCTCGATGTTGGACTAGGAATTTGGTAGGCTAGCCGCCTATTTATATTGTTCTGTTCGAACTATTTTTCCT","TAATTTTTTATGAGCTTGCGACCTCGATGTTGGACTAGGAATTTGGTAGGCTAGCCGCCTATTTATATTGTTCTGTTCGAACTATTTTTCCT"
"TAATCTTTTTTGAGAGTTCTAATCGACAAAAAGGTTTGCGACCTCGATGTTGGACTAAAATTTAGGCAGGGTGCAGCAGTTCTGCTTTTAGGTCTGTTCGACCCATAATATTTT","TAATCTTTTTTGAGAGTTCTAATCGACAAAAAGGTTTGCGACCTCGATGTTGGACTAAAATTTAGGCAGGGTGCAGCAGTTCTGCTTTTAGGTCTGTTCGACCCATAATATTTT"
"CAATCCTCCTTTAGAGCCCATATCGACAAGAGGGTTTACGACCTCGATGTTGGATCAGGACATCCTAATGGTGCAGCCGCTATTAAGGGTTCGTTTGTTCAACGATTAAAGTCCT","CAATCCTCCTTTAGAGCCCATATCGACAAGAGGGTTTACGACCTCGATGTTGGATCAGGACATCCTAATGGTGCAGCCGCTATTAAGGGTTCGTTTGTTCAACGATTAAAGTCCT"
"TAATTCTTTATGAGCTTGCGACCTCGATGTTGGACTAGGAATTTGGTAGGCTAGCCGCCTATTCATATTGTTCTGTTCGAACTATTTTTCCT","TAATTCTTTATGAGCTTGCGACCTCGATGTTGGACTAGGAATTTGGTAGGCTAGCCGCCTATTCATATTGTTCTGTTCGAACTATTTTTCCT"
"TTATACCTTTTTAGAGCCCCTATCGCCAAAGGTGTTTACGACCTCGATGTTGAATTGAAGTACCTATTTTAAGCAGCCTTAAAACAAGAAAGTCTGTTCGACTTTTAATTTTTC","TTATACCTTTTTAGAGCCCCTATCGCCAAAGGTGTTTACGACCTCGATGTTGAATTGAAGTACCTATTTTAAGCAGCCTTAAAACAAGAAAGTCTGTTCGACTTTTAATTTTTC"
"TAATTTTCTCTTTTAGTTCATATAAAAGAGAGAGTTTGCGACCTCGATGTTGGATTAAGATAAAATTTAAATGTAAAAGTTTAAATTTTTTGATCTGTTCGATCATTAAAATCTT","TAATTTTCTCTTTTAGTTCATATAAAAGAGAGAGTTTGCGACCTCGATGTTGGATTAAGATAAAATTTAAATGTAAAAGTTTAAATTTTTTGATCTGTTCGATCATTAAAATCTT"
"CAATTTCTCCCGAAAGATGGTATTGGAGGGGAAGATTGCGACCTCGATGTTGGCTTTAGATATCCTAGAGGCGTAGAAGCTTCTAATGGTGGGTCCGTTCGCCCTTTAAAATCTA","CAATTTCTCCCGAAAGATGGTATTGGAGGGGAAGATTGCGACCTCGATGTTGGCTTTAGATATCCTAGAGGCGTAGAAGCTTCTAATGGTGGGTCCGTTCGCCCTTTAAAATCTA"
"TAATTCTTTTGAGTTTGCGACCTCGATGTTGGACTAGGAATTTAATCGGCTAGCCGCCTGTTAACATTGTTCTGTTCGAACAGTTTTTCCC","TAATTCTTTTGAGTTTGCGACCTCGATGTTGGACTAGGAATTTAATCGGCTAGCCGCCTGTTAACATTGTTCTGTTCGAACAGTTTTTCCC"
"TAATTCTTTGTGAGCTTGCGACCTCGATGTTGGACTAGGAATTTGGTAGGCTAGCCGCCTATTTATATTGTTCTGTTCGAACTATTTTTCCT","TAATTCTTTGTGAGCTTGCGACCTCGATGTTGGACTAGGAATTTGGTAGGCTAGCCGCCTATTTATATTGTTCTGTTCGAACTATTTTTCCT"
"CAATCCTCTCCCAGAGTCCCTATCGACGAGGGGGTTTACGACCTCGATGTTGGATCAGGACATCCTAATGGTGCAGCCGCTAATAAGGGTTCGTTTGTTCAACGATTAAAGTCCT","CAATCCTCTCCCAGAGTCCCTATCGACGAGGGGGTTTACGACCTCGATGTTGGATCAGGACATCCTAATGGTGCAGCCGCTAATAAGGGTTCGTTTGTTCAACGATTAAAGTCCT"
"TAATTCTTTTGAGTTTGCGACCTCGATGTTGGACTAGGAATTTAATCGGCTAGCCGCCTGTTAACATTGTTCTGCTCGAACAGTTTTTCCT","TAATTCTTTTGAGTTTGCGACCTCGATGTTGGACTAGGAATTTAATCGGCTAGCCGCCTGTTAACATTGTTCTGCTCGAACAGTTTTTCCT"
"TAATTCTTTTGAGTTTGCGACCTCGATGTTGGACTAGGAATTTAATCGGCTAGCTGCCTGTTAACATTGTTCTGTTCGAACAGTTTTTCCT","TAATTCTTTTGAGTTTGCGACCTCGATGTTGGACTAGGAATTTAATCGGCTAGCTGCCTGTTAACATTGTTCTGTTCGAACAGTTTTTCCT"
"TAATTCTTTATGAGCTTGTGACCTCGATGTTGGACTAGGAATTTGGTAGGCTAGCCGCCTATTTATATTGTTCTGTTCGAACTATTTTTCCT","TAATTCTTTATGAGCTTGTGACCTCGATGTTGGACTAGGAATTTGGTAGGCTAGCCGCCTATTTATATTGTTCTGTTCGAACTATTTTTCCT"
"TTATTTTTCTTGAGAGTTCATATCGAAAGAAAAGATTGCGACCTCGATGTTGAATTAAAATTTCTAAGTTATTGCAGAAGTCACTTTAGAAGGTCTGTTCGACCTTTAAATTTTT","TTATTTTTCTTGAGAGTTCATATCGAAAGAAAAGATTGCGACCTCGATGTTGAATTAAAATTTCTAAGTTATTGCAGAAGTCACTTTAGAAGGTCTGTTCGACCTTTAAATTTTT"
"CAATTTCTCCCGAAAGATGGTATTGGAGGGGAAGATTGCGACCTCGATGTTAGCTTTAGATATCCTAGAGGCGTAGAAGCTTCTAATGGTGGGTCTGTTCGCCCTTTAAAATCTA","CAATTTCTCCCGAAAGATGGTATTGGAGGGGAAGATTGCGACCTCGATGTTAGCTTTAGATATCCTAGAGGCGTAGAAGCTTCTAATGGTGGGTCTGTTCGCCCTTTAAAATCTA"
"CAATCCTCTTTTAGAGCCCATATCGACAAGGGGGTTTACGACCTCGATGTTGGATCAGGACATCCTGATGGTGCAGCCGCTATTAAGGGTTCGTTTGTTCAACGATTAAAGTCCT","CAATCCTCTTTTAGAGCCCATATCGACAAGGGGGTTTACGACCTCGATGTTGGATCAGGACATCCTGATGGTGCAGCCGCTATTAAGGGTTCGTTTGTTCAACGATTAAAGTCCT"
"TAATTCTTTTGAGTTTGCGACCTCGATGTTGGACTAGGAATTTAATCGGCTAGCCGCCTGTTAACATTGTTCTGTTTGAACAGTTTTTCCT","TAATTCTTTTGAGTTTGCGACCTCGATGTTGGACTAGGAATTTAATCGGCTAGCCGCCTGTTAACATTGTTCTGTTTGAACAGTTTTTCCT"
"TAATCCCCCCTGAGAGTTCGTATTGAAGGGTGGGTTTGCGACCTCGATGTCTGCTTAACGCATCCTCCTGGTGAAGCAGCTGGGAAGGGTAGCACTGTTCGTGCTCTAAGGCGTT","TAATCCCCCCTGAGAGTTCGTATTGAAGGGTGGGTTTGCGACCTCGATGTCTGCTTAACGCATCCTCCTGGTGAAGCAGCTGGGAAGGGTAGCACTGTTCGTGCTCTAAGGCGTT"
"CAATTTCTCCCGAAAGATGGTATTGGAGGGGAAGATTGCGACCTCGATGTTGGCTTTAGATGTCCTAGAGGCGTAGAAGCTTCTAATGGTGGGCCTGTTCGCCCTTTAAAATCTA","CAATTTCTCCCGAAAGATGGTATTGGAGGGGAAGATTGCGACCTCGATGTTGGCTTTAGATGTCCTAGAGGCGTAGAAGCTTCTAATGGTGGGCCTGTTCGCCCTTTAAAATCTA"
"CAATCCTCTTTTAGAGCCCATATCGACAAGAGGGTTTACGACCTCGATGTTGGATCAGGACATCCTAATGGTGCAGCCGCTATTAAGGGTTCGTTTGTTCGACGATTAAAGTCCT","CAATCCTCTTTTAGAGCCCATATCGACAAGAGGGTTTACGACCTCGATGTTGGATCAGGACATCCTAATGGTGCAGCCGCTATTAAGGGTTCGTTTGTTCGACGATTAAAGTCCT"
"CAATTTCTCCCGAAAGATGGTATTGGAGGGGAATATTGCGACCTCGATGTTGGCTTTAGATATCCTAGAGGCGTAGAAGCTTCTAATGGTGGGTCTGTTCGCCCTTTAAAATCTA","CAATTTCTCCCGAAAGATGGTATTGGAGGGGAATATTGCGACCTCGATGTTGGCTTTAGATATCCTAGAGGCGTAGAAGCTTCTAATGGTGGGTCTGTTCGCCCTTTAAAATCTA"
"TTATTTTTCTTAAGAGTTCTTATTAAAAGAAAAGATTGCGACCTCGATGTTGGACTAAAGTGTCCTGAAGGTGCAGAAGCCTTCAAGGGTTGGTCTGTTCGACCATTAAAACTTT","TTATTTTTCTTAAGAGTTCTTATTAAAAGAAAAGATTGCGACCTCGATGTTGGACTAAAGTGTCCTGAAGGTGCAGAAGCCTTCAAGGGTTGGTCTGTTCGACCATTAAAACTTT"
"TAATTCTTTTGAGTTTGCGACCTCGATGTTGGACTAGGAATTTAATCGGCTAGCCGCCTGTTAACATTGCTCTGTTCGAACAGTTTTTCCT","TAATTCTTTTGAGTTTGCGACCTCGATGTTGGACTAGGAATTTAATCGGCTAGCCGCCTGTTAACATTGCTCTGTTCGAACAGTTTTTCCT"
"CAATTTCTCCCGAAAGATGGTATTGGAGGGGAAGGTTGTGACCTCGATGTTGGCTTTAGGTGTCCTAGAGGCGTAAAAGCTTCTAAGGGTGGGTCTGTTCGCCCTTTAAAATCTA","CAATTTCTCCCGAAAGATGGTATTGGAGGGGAAGGTTGTGACCTCGATGTTGGCTTTAGGTGTCCTAGAGGCGTAAAAGCTTCTAAGGGTGGGTCTGTTCGCCCTTTAAAATCTA"
"TAATTCTTTTGAGTTTGCGACCTCGATGTTGGACTAGGAATTTAATCGGCTAGCCGCCTGTTAGCATTGTTCTGTTCGAACAGTTTTTCCT","TAATTCTTTTGAGTTTGCGACCTCGATGTTGGACTAGGAATTTAATCGGCTAGCCGCCTGTTAGCATTGTTCTGTTCGAACAGTTTTTCCT"
"TAATCTTTTTTTAGAGTTCTTATTGAAAAAAAGGTTTGCGACCTCGATGCTGGACTAAGATATCCTGAAGGTGTAGAAGTTTTCAATGGTTAGTCTGTTCGACTATTAAAATCTT","TAATCTTTTTTTAGAGTTCTTATTGAAAAAAAGGTTTGCGACCTCGATGCTGGACTAAGATATCCTGAAGGTGTAGAAGTTTTCAATGGTTAGTCTGTTCGACTATTAAAATCTT"
"TTATTTTTCTTTATAGTTCGTATAGAAAGAGAAGATTGCGACCTCGATGTTGGATTAAGGTGTCCTGAAGGTGTAGGAGCCTTCCAGGGTTGGTCTGTTCGTCCATAAAAACCCTT","TTATTTTTCTTTATAGTTCGTATAGAAAGAGAAGATTGCGACCTCGATGTTGGATTAAGGTGTCCTGAAGGTGTAGGAGCCTTCCAGGGTTGGTCTGTTCGTCCATAAAAACCCTT"
"CAATTTCTCCCGAAAGATGGTATTGGAGGGGAAGATTGTGACCTCGATGTTGGCTTTAGGTGTCCTAGAGGCGTAAAAGCTTCTAAGGGTAGGTCTGTTCGCCCTTTAAAATCTA","CAATTTCTCCCGAAAGATGGTATTGGAGGGGAAGATTGTGACCTCGATGTTGGCTTTAGGTGTCCTAGAGGCGTAAAAGCTTCTAAGGGTAGGTCTGTTCGCCCTTTAAAATCTA"
"TAATTCTTTATGAGCTTGCGGCCTCGATGTTGGACTAGGAATTTGGTAGGCTAGCCGCCTATTTATATTGTTCTGTTCGAACTATTTTTCCT","TAATTCTTTATGAGCTTGCGGCCTCGATGTTGGACTAGGAATTTGGTAGGCTAGCCGCCTATTTATATTGTTCTGTTCGAACTATTTTTCCT"
"TAATTCTTTATGAGCTTGCGACCTCGATGTTGGACTAGGAGTTTGGTAGGCTAGCCGCCTATTTATATTGTTCTGTTCGAACTATTTTTCCT","TAATTCTTTATGAGCTTGCGACCTCGATGTTGGACTAGGAGTTTGGTAGGCTAGCCGCCTATTTATATTGTTCTGTTCGAACTATTTTTCCT"
"TAATTCTTTATGAGCTTGCGACCTCGATGTTGGACTAGGAATTTGGTAGACTAGCCGCCTATTTATATTGTTCTGTTCGAACTATTTTTCCT","TAATTCTTTATGAGCTTGCGACCTCGATGTTGGACTAGGAATTTGGTAGACTAGCCGCCTATTTATATTGTTCTGTTCGAACTATTTTTCCT"
"CAATTTCTCCCGAAAGATGGTATTGGAGGGGAAGATTGCGACCTCGATGTTGGCTTTAGATATCCTAGAAGCGTAGAAGCTTCTAATGGTGGGTCTGTTCGCCCTTTAAAATCTA","CAATTTCTCCCGAAAGATGGTATTGGAGGGGAAGATTGCGACCTCGATGTTGGCTTTAGATATCCTAGAAGCGTAGAAGCTTCTAATGGTGGGTCTGTTCGCCCTTTAAAATCTA"
"TAATTCTTTATGAGCTTGCGACCTCGATGTTGGACTAGGGATTTGGTAGGCTAGCCGCCTATTTATATTGTTCTGTTCGAACTATTTTTCCT","TAATTCTTTATGAGCTTGCGACCTCGATGTTGGACTAGGGATTTGGTAGGCTAGCCGCCTATTTATATTGTTCTGTTCGAACTATTTTTCCT"
"TAATCCTATCTAAGAGATCTAATCGCAGGTAGGGTTTGCGACCTCGATGTTGGATTAGGGTATCCGGAAGGTGCAGCAGCTTTCAACGGTGGGCCTGTTCGGCCTATAACACCCT","TAATCCTATCTAAGAGATCTAATCGCAGGTAGGGTTTGCGACCTCGATGTTGGATTAGGGTATCCGGAAGGTGCAGCAGCTTTCAACGGTGGGCCTGTTCGGCCTATAACACCCT"
"CAATCCTATTCTAGAGTCCATATCAACAATAGGGTTTACGACCTCGATGTTGGATCAGGACATCCCGATGGTGCAGCCGCTATTAAAGGTTCGTTTATTCAACGATTAAAGTCCT","CAATCCTATTCTAGAGTCCATATCAACAATAGGGTTTACGACCTCGATGTTGGATCAGGACATCCCGATGGTGCAGCCGCTATTAAAGGTTCGTTTATTCAACGATTAAAGTCCT"
"TAATTTTCTCTGAGAGGACTAATTGAAGAGTTAGATTGCGACCTCGATGTTGGATTAGGGTACCTTTCTGGTGCAGCCGTTAGCAAAGTAAGACTGTTCGTCTTTTAAAACCCT","TAATTTTCTCTGAGAGGACTAATTGAAGAGTTAGATTGCGACCTCGATGTTGGATTAGGGTACCTTTCTGGTGCAGCCGTTAGCAAAGTAAGACTGTTCGTCTTTTAAAACCCT"
"TAATTTAACTTCTTAAAGATTTTATTAAAGAAGGAGTTTGCGACCTCGATGTTGAATTAAAGGAGCTTTTTGGTTGAAGATGCTAAATAAGCAAAACTGTTCGTTTTTTAATGCTTT","TAATTTAACTTCTTAAAGATTTTATTAAAGAAGGAGTTTGCGACCTCGATGTTGAATTAAAGGAGCTTTTTGGTTGAAGATGCTAAATAAGCAAAACTGTTCGTTTTTTAATGCTTT"
"CTAATTCTTTTAAAGCCCACATTAAAATCGCCTTTGTGACCTCGATGTTGAATTAAGACCCAGGAAAGGTGTAGCCGTTTTTCTGATAGGCCTGTTCGGCCTTCCCCTCTT","CTAATTCTTTTAAAGCCCACATTAAAATCGCCTTTGTGACCTCGATGTTGAATTAAGACCCAGGAAAGGTGTAGCCGTTTTTCTGATAGGCCTGTTCGGCCTTCCCCTCTT"
"TAATCTTTTTTGAGAGTTCTAATCGACAAAAAGGTTTGCGACCTCGATGTTGGAATAAAATTTAGATGTGGTGCAGCAGCTACATTTTAGGGTCTGTTCGACCCATAATATTTT","TAATCTTTTTTGAGAGTTCTAATCGACAAAAAGGTTTGCGACCTCGATGTTGGAATAAAATTTAGATGTGGTGCAGCAGCTACATTTTAGGGTCTGTTCGACCCATAATATTTT"
"TAATTTTTCTTTATAGTCCGCATTGAAAGAGAAGATTGCGACCTCGATGTTGGATTAAGGTGACCAGAGGGCGTAGGGGCCCTTTAAGGTTGGTTTGTTCGCCCATAAAAACCCTT","TAATTTTTCTTTATAGTCCGCATTGAAAGAGAAGATTGCGACCTCGATGTTGGATTAAGGTGACCAGAGGGCGTAGGGGCCCTTTAAGGTTGGTTTGTTCGCCCATAAAAACCCTT"
"TAATCTTTTCTTAGAGGACTTATCGAAGAAAGGGTTTGCGACCTCGATGTCGGCTCAACGCTTCCTTTGGGTGTAGGAGCTCAAAAGGGTTGGTATGTTCGCCCATTAATGCGTT","TAATCTTTTCTTAGAGGACTTATCGAAGAAAGGGTTTGCGACCTCGATGTCGGCTCAACGCTTCCTTTGGGTGTAGGAGCTCAAAAGGGTTGGTATGTTCGCCCATTAATGCGTT"
"CAATTTCTCCCGAAAGACGGTATTGGAGGGGAAGATTGTGACCTCGATGTTGGCTTTAGGTGTCCTAGAGGCGTAAAAGCTTCTTAGGGTGGGTCTGTTCGCCCTTTAAAATCTA","CAATTTCTCCCGAAAGACGGTATTGGAGGGGAAGATTGTGACCTCGATGTTGGCTTTAGGTGTCCTAGAGGCGTAAAAGCTTCTTAGGGTGGGTCTGTTCGCCCTTTAAAATCTA"
"TAATCTTTTTTGAGAGTTCTAATCGATAAAAAGGTTTGCGACCTCGATGTTGGACTAAAATTTAGATGTGGTGCAGCAGCTACATTTTAGGGTCTGTTCGACCCATAATATTTT","TAATCTTTTTTGAGAGTTCTAATCGATAAAAAGGTTTGCGACCTCGATGTTGGACTAAAATTTAGATGTGGTGCAGCAGCTACATTTTAGGGTCTGTTCGACCCATAATATTTT"
"TAATTCTTTTGAGTTTGCGACCTCGATGTTGGACTAAGAATTTAATCGGCTAGCCGCCTGTTAACATTGTTCTGTTCGAACAGTTTTTCCT","TAATTCTTTTGAGTTTGCGACCTCGATGTTGGACTAAGAATTTAATCGGCTAGCCGCCTGTTAACATTGTTCTGTTCGAACAGTTTTTCCT"
"CAATCCTCTTTTAGAGCCCATATCGACAAGGGGGTTTACGACCTCGATGTTGGATCAGGACATCCTAATGGTGCAGCCGCTATTAAGGGTTCGTTTGCTCAACGATTAAAGTCCT","CAATCCTCTTTTAGAGCCCATATCGACAAGGGGGTTTACGACCTCGATGTTGGATCAGGACATCCTAATGGTGCAGCCGCTATTAAGGGTTCGTTTGCTCAACGATTAAAGTCCT"
"TAATTCTTTATGAACTTGCGACCTCGATGTTGGACTAGGAATTTGGTAGGCTAGCCGCCTATTTATATTGTTCTGTTCGAACTATTTTTCCT","TAATTCTTTATGAACTTGCGACCTCGATGTTGGACTAGGAATTTGGTAGGCTAGCCGCCTATTTATATTGTTCTGTTCGAACTATTTTTCCT"
"CAATCCTCTTTTAGAGCCCATATCGACAAGAGGGTTTACGACCTCGATGTTGGATCAGGACATCCTAATGGTGCAGCCGCTATTAAGGGTTCGTTTGTTCAACGATTAAAGTCCC","CAATCCTCTTTTAGAGCCCATATCGACAAGAGGGTTTACGACCTCGATGTTGGATCAGGACATCCTAATGGTGCAGCCGCTATTAAGGGTTCGTTTGTTCAACGATTAAAGTCCC"
"CAATTTCTCCCGAAAGATGGTATTGGAGGGGAAGATTGTGACCTCGATGTTGGCTTTAGGTGTCCTAGGGGCGTAAAAGCTTCTAAGGGTGGGTCTGTTCGCCCTTTAAAATCTA","CAATTTCTCCCGAAAGATGGTATTGGAGGGGAAGATTGTGACCTCGATGTTGGCTTTAGGTGTCCTAGGGGCGTAAAAGCTTCTAAGGGTGGGTCTGTTCGCCCTTTAAAATCTA"
"TAATTCTTTATGAGCTTGCGACCTCGACGTTGGACTAGGAATTTGGTAGGCTAGCCGCCTATTTATATTGTTCTGTTCGAACTATTTTTCCT","TAATTCTTTATGAGCTTGCGACCTCGACGTTGGACTAGGAATTTGGTAGGCTAGCCGCCTATTTATATTGTTCTGTTCGAACTATTTTTCCT"
"CAATCCTCTCCCAGAGTCCCTATCGACGAGGGGGTTTACGACCTCGATGTTGGATCAGGACATCCTAATGGTGCAGCCGCTATTAAGGATTCGTTTGTTCAACGATTAAAGTCCT","CAATCCTCTCCCAGAGTCCCTATCGACGAGGGGGTTTACGACCTCGATGTTGGATCAGGACATCCTAATGGTGCAGCCGCTATTAAGGATTCGTTTGTTCAACGATTAAAGTCCT"
"TAATTCTTTATGAGCTTGCAACCTCGATGTTGGACTAGGAATTTGGTAGGCTAGCCGCCTATTTATATTGTTCTGTTCGAACTATTTTTCCT","TAATTCTTTATGAGCTTGCAACCTCGATGTTGGACTAGGAATTTGGTAGGCTAGCCGCCTATTTATATTGTTCTGTTCGAACTATTTTTCCT"
"CAATTTCTCCCGAAAGATGGTATTGGAGGGGAAGATTGTGACCTCGATGTTGGCTTTAGGTGTCCCAGAGGCGTAAAAGCTTCTAAGGGTGGGTCTGTTCGCCCTTTAAAATCTA","CAATTTCTCCCGAAAGATGGTATTGGAGGGGAAGATTGTGACCTCGATGTTGGCTTTAGGTGTCCCAGAGGCGTAAAAGCTTCTAAGGGTGGGTCTGTTCGCCCTTTAAAATCTA"
"TAATATTCTTGGAGAGTTCTTATCGATAAGAAAGTTTGCGACCTCGATGTTGGATTAAGAAATTGGTGAGGTGCAGAAGCTTCACAGGAAAGTCTGTTCGACTTTTAATATCTT","TAATATTCTTGGAGAGTTCTTATCGATAAGAAAGTTTGCGACCTCGATGTTGGATTAAGAAATTGGTGAGGTGCAGAAGCTTCACAGGAAAGTCTGTTCGACTTTTAATATCTT"
"CAATTTCTCCCGAAAGATGGTATTGGAGGGGAAGATTGCGACCTCGATGTTGGCTTTAGATATCCTAGAGGCGTAGAAGCTTCTAATGATGGGTCTGTTCGCCCTTTAAAATCTA","CAATTTCTCCCGAAAGATGGTATTGGAGGGGAAGATTGCGACCTCGATGTTGGCTTTAGATATCCTAGAGGCGTAGAAGCTTCTAATGATGGGTCTGTTCGCCCTTTAAAATCTA"
"TAATTCTTTATGAGCTTGCGACCTCGATGTTGGACTAGGAATTTGGTAGGCTAGCCGCCTATTTATATTGTTCTGTTTGAACTATTTTTCCT","TAATTCTTTATGAGCTTGCGACCTCGATGTTGGACTAGGAATTTGGTAGGCTAGCCGCCTATTTATATTGTTCTGTTTGAACTATTTTTCCT"
"TAATTTTTTTGGAGAGTTCATATTGATAAAAAAGTTTGCGACCTCGATGTTGGATCGAGATTTCCTAGAGATGCAGCAGTTTCTGAGGGTTGGTCTGTTCGACCATTAAAATCTT","TAATTTTTTTGGAGAGTTCATATTGATAAAAAAGTTTGCGACCTCGATGTTGGATCGAGATTTCCTAGAGATGCAGCAGTTTCTGAGGGTTGGTCTGTTCGACCATTAAAATCTT"
"TAATCTTTTTTGAGAGTTCTAATCGACAAAAAGGTTTGCGACCTCGATGTTGGACTAAAATTTAGATGTGGTGCAGCAGCTACATTTTAGAGTCTGTTCGACCCATAATATTTT","TAATCTTTTTTGAGAGTTCTAATCGACAAAAAGGTTTGCGACCTCGATGTTGGACTAAAATTTAGATGTGGTGCAGCAGCTACATTTTAGAGTCTGTTCGACCCATAATATTTT"
"TAATCTTTTTTGAGAGTTCTAATCGACAAAAAGGTTTGCGACCTTGATGTTGGACTAAAATTTAGGCAGGGTGCAGCAGTTCTGCTTTTAGGTCTGTTCGACCTATAATATTTT","TAATCTTTTTTGAGAGTTCTAATCGACAAAAAGGTTTGCGACCTTGATGTTGGACTAAAATTTAGGCAGGGTGCAGCAGTTCTGCTTTTAGGTCTGTTCGACCTATAATATTTT"
"CAATTTCTCCCGAAAGATGGTATTGGAGGGGAAGATTGCGACCTCGATGTTGGCTTTAGATACCCTAAAGGCGTAGAAGCTTCTAATGGTGGGTCTGTTCGCCCTTTAAAATCTA","CAATTTCTCCCGAAAGATGGTATTGGAGGGGAAGATTGCGACCTCGATGTTGGCTTTAGATACCCTAAAGGCGTAGAAGCTTCTAATGGTGGGTCTGTTCGCCCTTTAAAATCTA"
"TTATTTCTTTTGAGAGCCCATATCGAAAAAGAAGTTTGCGACCTCGATGTTGAATTAAAATATCTAAATAATGCAGCAGTTATTAAAGAAGGTCTGTTCGACCTTTAAATTTTT","TTATTTCTTTTGAGAGCCCATATCGAAAAAGAAGTTTGCGACCTCGATGTTGAATTAAAATATCTAAATAATGCAGCAGTTATTAAAGAAGGTCTGTTCGACCTTTAAATTTTT"
"CAATTTCTCCCGAAAGATGGTATTGGAGGGGAAGATTGCGATCTCGATGTTGGCTTTAGATATCCTAGAGGCGTAGAAGCTTCTAATGGTGGGTCTGTTCGCCCTTTAAAATCTA","CAATTTCTCCCGAAAGATGGTATTGGAGGGGAAGATTGCGATCTCGATGTTGGCTTTAGATATCCTAGAGGCGTAGAAGCTTCTAATGGTGGGTCTGTTCGCCCTTTAAAATCTA"
"TAATTCTTTTTGAGCTTGCGACCTCGATGTTGGACTAGGAATTTGATAGGCTAGCCGCCTATTTATATTGTTCTGTTCGAACTATTTTTCCT","TAATTCTTTTTGAGCTTGCGACCTCGATGTTGGACTAGGAATTTGATAGGCTAGCCGCCTATTTATATTGTTCTGTTCGAACTATTTTTCCT"
"CAATTTCTCCCGAAAGATGGTATTGGAGGGGAAGATTGCGACCTCGATGTTGGCTTTAGATATCCTAGAGGCGTAGAAGCTTCTAATGGTGGGTATGTTCGCCCTTTAAAATCTA","CAATTTCTCCCGAAAGATGGTATTGGAGGGGAAGATTGCGACCTCGATGTTGGCTTTAGATATCCTAGAGGCGTAGAAGCTTCTAATGGTGGGTATGTTCGCCCTTTAAAATCTA"
"TAATCTTTTTTGAGAGTTCTAATCGACAAAAAGGTTTGCGACCTCGATGTTGGACTAAAATTTAGACGTGGTGCAGCAGCTACATTTTAGGGTCTGTTCGACCCATAATATTTT","TAATCTTTTTTGAGAGTTCTAATCGACAAAAAGGTTTGCGACCTCGATGTTGGACTAAAATTTAGACGTGGTGCAGCAGCTACATTTTAGGGTCTGTTCGACCCATAATATTTT"
"TAAAATAATTTAGAGACCTAATTTATGTTTATATTTACGACCTCGATGTTGAATTAAGAATAACCAAGGAGCAGAAATTTTGGCCTTATAGATTGTTCATCTATAAATTCTT","TAAAATAATTTAGAGACCTAATTTATGTTTATATTTACGACCTCGATGTTGAATTAAGAATAACCAAGGAGCAGAAATTTTGGCCTTATAGATTGTTCATCTATAAATTCTT"
"CAATCCTCTTTTAGAGCCCATATCGACAAGAGGGTTTACGACCTCGATGTTGGATCAGGACATCCTAATGGTGCAGCCGCTATTAAGGGTTCGTTTGTTCAACGATTAAAGTCCG","CAATCCTCTTTTAGAGCCCATATCGACAAGAGGGTTTACGACCTCGATGTTGGATCAGGACATCCTAATGGTGCAGCCGCTATTAAGGGTTCGTTTGTTCAACGATTAAAGTCCG"
"CAATTTCTCCCGAAAGATGGTATTGGAGGGGAAGATTGTGACCTCGATGTTGGCTTTAGGTGTCCTAAAGGCGTAAAAGCTTCTAAGGGTGGGTCTGTTCGCCCTTTAAAATCTA","CAATTTCTCCCGAAAGATGGTATTGGAGGGGAAGATTGTGACCTCGATGTTGGCTTTAGGTGTCCTAAAGGCGTAAAAGCTTCTAAGGGTGGGTCTGTTCGCCCTTTAAAATCTA"
"TAATTCTTTTGAGTTTGCGACCTCGATGTTGGACTAGGAATTTAATCGGCTAGCCGCCTGGTAACATTGTTCTGTTCGAACAGTTTTTCCT","TAATTCTTTTGAGTTTGCGACCTCGATGTTGGACTAGGAATTTAATCGGCTAGCCGCCTGGTAACATTGTTCTGTTCGAACAGTTTTTCCT"
"CAACCTCCTTGGATAGCCCACATTGATAAGGACTCTTGTGACCTCGATGTTGAATTACAGGTACTAATTGGTGAAGCAGCCTTTGTAAACAGTCTGTTCGACTAATAATCCCTTT","CAACCTCCTTGGATAGCCCACATTGATAAGGACTCTTGTGACCTCGATGTTGAATTACAGGTACTAATTGGTGAAGCAGCCTTTGTAAACAGTCTGTTCGACTAATAATCCCTTT"
"TAATTCTTTTGAGTTTGCGGCCTCGATGTTGGACTAGGAATTTAATCGGCTAACCGCCTGTTAACATTGTTCTGTTCGAACAGTTTTTCCT","TAATTCTTTTGAGTTTGCGGCCTCGATGTTGGACTAGGAATTTAATCGGCTAACCGCCTGTTAACATTGTTCTGTTCGAACAGTTTTTCCT"
"TAATTCTTTTGAGTTTGCGACCTCGATGTTGGACTAGGAATTTAATCGGCTAGCCGCCTGTTAACATTGTTCTATTCGAACAGTTTTTCCT","TAATTCTTTTGAGTTTGCGACCTCGATGTTGGACTAGGAATTTAATCGGCTAGCCGCCTGTTAACATTGTTCTATTCGAACAGTTTTTCCT"
"CAATTTCTCCCGAAAGATGGTATTGGAGGGGAAGATTGCGACCTCGATGTTGTCTTTAGATATCCTAGAGGCGTAGAAGCTTCTAATGGTGGGTCTGTTCGCCCTTTAAAATCTA","CAATTTCTCCCGAAAGATGGTATTGGAGGGGAAGATTGCGACCTCGATGTTGTCTTTAGATATCCTAGAGGCGTAGAAGCTTCTAATGGTGGGTCTGTTCGCCCTTTAAAATCTA"
"CAATTTCTCCCGAAAGATGGTATTGGAGGGGAAGATTGTGACCTCGATGTTGGCTTTAGGTGTCCTAGAGGCGTAAAAGCTTCTAAGGGTGGGTCTGTTCGTCCTTTAAAATCTA","CAATTTCTCCCGAAAGATGGTATTGGAGGGGAAGATTGTGACCTCGATGTTGGCTTTAGGTGTCCTAGAGGCGTAAAAGCTTCTAAGGGTGGGTCTGTTCGTCCTTTAAAATCTA"
"TAATTCGTTATGAGCTTGCGACCTCGATGTTGGACTAGGAATTTGGTAGGCTAGCCGCCTATTTATATTGTTCTGTTCGAACTATTTTTCCT","TAATTCGTTATGAGCTTGCGACCTCGATGTTGGACTAGGAATTTGGTAGGCTAGCCGCCTATTTATATTGTTCTGTTCGAACTATTTTTCCT"
"TAATCTTTTTTGAGAGTTCTAATCGACAAAAAGGTTTGCGACCTCGATGTTGAACTAAAATTTAGGCAGGGTGCAGCAGTTCTGCTTTTAGGTCTGTTCGACCTATAATATTTT","TAATCTTTTTTGAGAGTTCTAATCGACAAAAAGGTTTGCGACCTCGATGTTGAACTAAAATTTAGGCAGGGTGCAGCAGTTCTGCTTTTAGGTCTGTTCGACCTATAATATTTT"
"TAATTCTTTATGAGCTTGCGACCTCGATGTTGGACTAGGAATTTGGTAGGCTAGCCGCCTATTTATATTGTTCTGTTCGGACTATTTTTCCT","TAATTCTTTATGAGCTTGCGACCTCGATGTTGGACTAGGAATTTGGTAGGCTAGCCGCCTATTTATATTGTTCTGTTCGGACTATTTTTCCT"
"CAATCCCTTCTTAGAGCCCATATCGACGAAGGGGTTTACGACTTCGATGTTGGATCAGGACATCCTAATGGTGCAGCCGCTATTAAGGGTTCGTTTGTTCAACGATTAATAGTCCT","CAATCCCTTCTTAGAGCCCATATCGACGAAGGGGTTTACGACTTCGATGTTGGATCAGGACATCCTAATGGTGCAGCCGCTATTAAGGGTTCGTTTGTTCAACGATTAATAGTCCT"
"TTATCTTTTCTGAGAGTTCATATTGACGAAAAGGTTTGCGACCTCGATGTTGGATCGGGACATCCTGAGGGTGCAGAAGCTTTTAAGGGTTGGTCTGTTCGACCATTAAAGTCCT","TTATCTTTTCTGAGAGTTCATATTGACGAAAAGGTTTGCGACCTCGATGTTGGATCGGGACATCCTGAGGGTGCAGAAGCTTTTAAGGGTTGGTCTGTTCGACCATTAAAGTCCT"
"TAATCCTCCCGGCGAGACCACATTAAGGGGAAGGTTTGCGACCTCGATGTTGGCTTAGGGCTTCCTAGAAGTGCAGGGGCTTCTAAGGGTTGGTCTGTTCGACCATTAAAGCCTT","TAATCCTCCCGGCGAGACCACATTAAGGGGAAGGTTTGCGACCTCGATGTTGGCTTAGGGCTTCCTAGAAGTGCAGGGGCTTCTAAGGGTTGGTCTGTTCGACCATTAAAGCCTT"
"TAATTCTTTATGAGCTTGCGACCTCGATGTTGGACTAGGAATTTGGTAGGCTATCCGCCTATTTATATTGTTCTGTTCGAACTATTTTTCCT","TAATTCTTTATGAGCTTGCGACCTCGATGTTGGACTAGGAATTTGGTAGGCTATCCGCCTATTTATATTGTTCTGTTCGAACTATTTTTCCT"
"TAATCCCCCCTGAGAGTTCGTATTGAAGGGTGGGTTTGCGACCTCGATGTCTGCTTAGCGCATCCTCCTGGTGAAGCAGCTGGGAAGGGTAGCACTGTTCGTGCTCTAAGGCGCT","TAATCCCCCCTGAGAGTTCGTATTGAAGGGTGGGTTTGCGACCTCGATGTCTGCTTAGCGCATCCTCCTGGTGAAGCAGCTGGGAAGGGTAGCACTGTTCGTGCTCTAAGGCGCT"
"TAAAATAATTTAAAGACCTTATTAATATTTATGTTTACGACCTCGATGTTGAATTAAGAAATTTTAAAAAGCAGAAATTTTAAAAATATTAGATTGTTCATCTATTTTTTCTT","TAAAATAATTTAAAGACCTTATTAATATTTATGTTTACGACCTCGATGTTGAATTAAGAAATTTTAAAAAGCAGAAATTTTAAAAATATTAGATTGTTCATCTATTTTTTCTT"
"CAATTTCTCCCGAAAGATGGTATTGGAGGGGAAGATTGCGACCTCGATGTCGGCTTTAGATATCCTAGAGGCGTAGAAGCTTCTAATGGTGGGTCTGTTCGCCCTTTAAAATCTA","CAATTTCTCCCGAAAGATGGTATTGGAGGGGAAGATTGCGACCTCGATGTCGGCTTTAGATATCCTAGAGGCGTAGAAGCTTCTAATGGTGGGTCTGTTCGCCCTTTAAAATCTA"
"CAATCCCTTCTTAGAGCCCATATCGACGAAGGGGTTTACGACCTCGATGTTGGATCAGGACATCCTAATGGTGCAGCCGCTATTAAGGGTTCGTTTGTTCAACGACTAATAGTCCT","CAATCCCTTCTTAGAGCCCATATCGACGAAGGGGTTTACGACCTCGATGTTGGATCAGGACATCCTAATGGTGCAGCCGCTATTAAGGGTTCGTTTGTTCAACGACTAATAGTCCT"
"CAATTTCTCCCGAAAGATGGTATTGGAGGGGAAGATTGCGACCTCGATGTTGGCTTTAGATATCCTAGAGGCGTAGAAACTTCTAATGGTGGGTCTGTTCGCCCTTTAAAATCTA","CAATTTCTCCCGAAAGATGGTATTGGAGGGGAAGATTGCGACCTCGATGTTGGCTTTAGATATCCTAGAGGCGTAGAAACTTCTAATGGTGGGTCTGTTCGCCCTTTAAAATCTA"
"CAATTTCTCCCGAAAGATGGTATTGGAGGGGAAGATTGCGACCTCGATGTTGGCTTTAGATATCCTAAAGGCGTAGAAGCTTCTAATGGTGGGTCTGTTCGCCCTTTAAAATCTA","CAATTTCTCCCGAAAGATGGTATTGGAGGGGAAGATTGCGACCTCGATGTTGGCTTTAGATATCCTAAAGGCGTAGAAGCTTCTAATGGTGGGTCTGTTCGCCCTTTAAAATCTA"
"TAATTCTTTATGAGCTTGCGACCTCGATGTTGAACTAGGAATTTGGTAGGCTAGCCGCCTATTTATATTGTTCTGTTCGAACTATTTTTCCT","TAATTCTTTATGAGCTTGCGACCTCGATGTTGAACTAGGAATTTGGTAGGCTAGCCGCCTATTTATATTGTTCTGTTCGAACTATTTTTCCT"
"CAATCCTCTCCCAGAGTCCCTATCGACGAGGGGGTTTGCGACCTCGATGTTGGATCAGGACATCCTATTGGTGCAGCCGCTAATAAGGGTTCGTTTGTTCAACGATTAAAGTCCT","CAATCCTCTCCCAGAGTCCCTATCGACGAGGGGGTTTGCGACCTCGATGTTGGATCAGGACATCCTATTGGTGCAGCCGCTAATAAGGGTTCGTTTGTTCAACGATTAAAGTCCT"
"TAATCTTTTTTGAGAGTTCTAATCGACAAAAAGGTTTGCGACCTCGATGTTGGACTAAAATTTAGGCAGGGTGCAGTAGTTCTGCTTTTAGGTCTGTTCGACCTATAATATTTT","TAATCTTTTTTGAGAGTTCTAATCGACAAAAAGGTTTGCGACCTCGATGTTGGACTAAAATTTAGGCAGGGTGCAGTAGTTCTGCTTTTAGGTCTGTTCGACCTATAATATTTT"
"CAATTTCTCCCGAAAGATGGTATTGGGGGGGAAGATTGTGACCTCGATGTTGGCTTTAGGTGTCCTAGAGGCGTAAAAGCTTCTAAGGGTGGGTCTGTTCGCCCTTTAAAATCTA","CAATTTCTCCCGAAAGATGGTATTGGGGGGGAAGATTGTGACCTCGATGTTGGCTTTAGGTGTCCTAGAGGCGTAAAAGCTTCTAAGGGTGGGTCTGTTCGCCCTTTAAAATCTA"
"CAACACACTTGTGGAGACCACATTTGTAAGTGGATTTGTGACCTCGATGTTGAATTAAAGGTGCTGTCTAGCGCAGCTGTTAGACAAGTAAGTCCGTTCGACTTTTAAACCTTT","CAACACACTTGTGGAGACCACATTTGTAAGTGGATTTGTGACCTCGATGTTGAATTAAAGGTGCTGTCTAGCGCAGCTGTTAGACAAGTAAGTCCGTTCGACTTTTAAACCTTT"
"CAATCCTATTCTAGAGTCCATATCAACAATAGGGTTTACGACCTCGATGTTGGATCAGGACATCCCGATGGTGCAGTCGCTATTAAAGGTTCGTTTGTTCAACGATTAAAGTCCT","CAATCCTATTCTAGAGTCCATATCAACAATAGGGTTTACGACCTCGATGTTGGATCAGGACATCCCGATGGTGCAGTCGCTATTAAAGGTTCGTTTGTTCAACGATTAAAGTCCT"
"TAATTCTTTATGAGCTTGCGACCTCGATGTTGGACTAGGAATTTGGTAGGCTAGCCGCTTATTTATATTGTTCTGTTCGAACTATTTTTCCT","TAATTCTTTATGAGCTTGCGACCTCGATGTTGGACTAGGAATTTGGTAGGCTAGCCGCTTATTTATATTGTTCTGTTCGAACTATTTTTCCT"
"TTATTTTTCCTGAGAGATCGAATTGAGGGAAAAGTTTGCGACCTCGATGTTGGATTATAGAAACTTTATGGTGCAGCAGCTATAATTGTGAGACTGTTCGTCTTTTAAATCTAT","TTATTTTTCCTGAGAGATCGAATTGAGGGAAAAGTTTGCGACCTCGATGTTGGATTATAGAAACTTTATGGTGCAGCAGCTATAATTGTGAGACTGTTCGTCTTTTAAATCTAT"
"TAAAATCGGTTATAGCTCTTATAGGCACCCTTATTACGACCTCGATGTTGAATTAAATATTCTAGTGCAGCTGCTATTAAAAAAAGTCTGTTCGACTAATTATATTT","TAAAATCGGTTATAGCTCTTATAGGCACCCTTATTACGACCTCGATGTTGAATTAAATATTCTAGTGCAGCTGCTATTAAAAAAAGTCTGTTCGACTAATTATATTT"
"TAATCTTTTTTTAGAGTTCTTATTGAAAAAAAGGTTTGCGACCTCGATGTTGGACTAAGATATCCTGAAGGTGTAGAGGTTTTCAATGGTTAGTCTGTTCGACTATTAAAATCTT","TAATCTTTTTTTAGAGTTCTTATTGAAAAAAAGGTTTGCGACCTCGATGTTGGACTAAGATATCCTGAAGGTGTAGAGGTTTTCAATGGTTAGTCTGTTCGACTATTAAAATCTT"
"TAATTCTTTATGAGCTTGCGACTTCGATGTTGGACTAGGAATTTGGTAGGCTAGCCGCCTATTTATATTGTTCTGTTCGAACTATTTTTCCT","TAATTCTTTATGAGCTTGCGACTTCGATGTTGGACTAGGAATTTGGTAGGCTAGCCGCCTATTTATATTGTTCTGTTCGAACTATTTTTCCT"
"TAATTCTTTATGAGCTTGCGACCTCGATGTTGGACTAGGAATTTGGTGGGCTAGCCGCCTATTTATATTGTTCTGTTCGAATTATTTTTCCT","TAATTCTTTATGAGCTTGCGACCTCGATGTTGGACTAGGAATTTGGTGGGCTAGCCGCCTATTTATATTGTTCTGTTCGAATTATTTTTCCT"
"TAATTCTTTATGAGCTTGCGACCTCGATGTTGGACTAGGAATTTGGTAGGATAGCCGCCTATTTATATTGTTCTGTTCGAACTATTTTTCCT","TAATTCTTTATGAGCTTGCGACCTCGATGTTGGACTAGGAATTTGGTAGGATAGCCGCCTATTTATATTGTTCTGTTCGAACTATTTTTCCT"
"TAATTCTTTATGAGCTTGCGACCTCGATGTTGGACTAGGAATTTGGTAGGTTAGCCGCCTATTTATATTGTTCTGTTCGAACTATTTTTCCT","TAATTCTTTATGAGCTTGCGACCTCGATGTTGGACTAGGAATTTGGTAGGTTAGCCGCCTATTTATATTGTTCTGTTCGAACTATTTTTCCT"
"TTATACCTTTTTAGAGCCCCTATCGCCAAAGGTGTTTACGACCTCGATGTTGAATTGAGGTACCTATTTTAAGCAGCCTTAAAACAAGGAAGTCTGTTCGACTTTTAATTTTTC","TTATACCTTTTTAGAGCCCCTATCGCCAAAGGTGTTTACGACCTCGATGTTGAATTGAGGTACCTATTTTAAGCAGCCTTAAAACAAGGAAGTCTGTTCGACTTTTAATTTTTC"
"CAATTTCTCCCGAAAGATGGTATTAGAGGGGAAGATTGTGACCTCGATGTTGGCTTTAGGTGTCCTAGAGGCGTAAAAGCTTCTAAGGGTGGGTCTGTTCGCCCTTTAAAATCTA","CAATTTCTCCCGAAAGATGGTATTAGAGGGGAAGATTGTGACCTCGATGTTGGCTTTAGGTGTCCTAGAGGCGTAAAAGCTTCTAAGGGTGGGTCTGTTCGCCCTTTAAAATCTA"
"CAATTTCTCCCGAAAGATGGTATTGGAGGGGAAGATTGCGACCTCGATGTTGGCTTTAGATATCCCAGAGGCGTAGAAGCTTCTAATGGTGGGTCTGTTCGCCCTTTAAAATCTA","CAATTTCTCCCGAAAGATGGTATTGGAGGGGAAGATTGCGACCTCGATGTTGGCTTTAGATATCCCAGAGGCGTAGAAGCTTCTAATGGTGGGTCTGTTCGCCCTTTAAAATCTA"
"TAATTTGGTTCCCGAAAGATCTTATTAAGGGAAGAGTGTGCGACCTCGATGTTGAATTAAAGGAGCTTTTTGGTTGAAAATGCTAAAAGGGCAAAACTGCTCGTTTTTTAATCCTTT","TAATTTGGTTCCCGAAAGATCTTATTAAGGGAAGAGTGTGCGACCTCGATGTTGAATTAAAGGAGCTTTTTGGTTGAAAATGCTAAAAGGGCAAAACTGCTCGTTTTTTAATCCTTT"
"TAATCCTCCCGGCGAGACCACATTAAGGGGAGGGTTTGCGACCTCGATGTTGGCTTAGGGCTTCCTAGAAGTGCAGGGGCTTCTAAGGGCTGGTCTGTTCGACCATTAAAGCCTT","TAATCCTCCCGGCGAGACCACATTAAGGGGAGGGTTTGCGACCTCGATGTTGGCTTAGGGCTTCCTAGAAGTGCAGGGGCTTCTAAGGGCTGGTCTGTTCGACCATTAAAGCCTT"
"TAATTCTTTTGAGTTTGCGACCTCGATGTTGGATTAGGAATTTAATCGGCTAGCCGCCTGTTAACATTGTTCTGTTCGAACAGTTTTTCCT","TAATTCTTTTGAGTTTGCGACCTCGATGTTGGATTAGGAATTTAATCGGCTAGCCGCCTGTTAACATTGTTCTGTTCGAACAGTTTTTCCT"
"CAATCATTCTGATAAGGCCATATTTAAGGAGTGGTTTGCGACCTCGATGTTGAATCAAAATTTCTACTTGGTGTAGCAGCTAAGTTAGTGGGACTGTTCGTCCTTTAAAATTTT","CAATCATTCTGATAAGGCCATATTTAAGGAGTGGTTTGCGACCTCGATGTTGAATCAAAATTTCTACTTGGTGTAGCAGCTAAGTTAGTGGGACTGTTCGTCCTTTAAAATTTT"
"TAATCTTTTTTGAGCTTGCGACCTCGATGTTGGACTAGGAATTTGGTAGGCTAGCCGCCTATTTATATTGTTCTGTTCGAACTATTTTTCCT","TAATCTTTTTTGAGCTTGCGACCTCGATGTTGGACTAGGAATTTGGTAGGCTAGCCGCCTATTTATATTGTTCTGTTCGAACTATTTTTCCT"
"TAATTTAACTTCTTAAAGATCTTATTAAAGAAGGAGTTTGCGACCTCGATGTTGAATTAAAGGAGCTTTTTGGTTGAAGATGCTAAATAAGCAAAACTGTTCGTTTTTTAATGCTTT","TAATTTAACTTCTTAAAGATCTTATTAAAGAAGGAGTTTGCGACCTCGATGTTGAATTAAAGGAGCTTTTTGGTTGAAGATGCTAAATAAGCAAAACTGTTCGTTTTTTAATGCTTT"
"TAATTCTTTCGAGTTTGCGACCTCGATGTTGGACTAGGAATTTAATCGGCTAGCCGCCTGTTAACATTGTTCTGTTCGAACAGTTTTTCCT","TAATTCTTTCGAGTTTGCGACCTCGATGTTGGACTAGGAATTTAATCGGCTAGCCGCCTGTTAACATTGTTCTGTTCGAACAGTTTTTCCT"
"CAATCCCCTTTTAGAGCCCATATCGACAAGGGGGTTTACGACCTCGATGTTGGATCAGGACATCCTAATGGTGCAGCCGCTATTAAGGGTTCGTTTGTTCAACGATTAAGGTCCT","CAATCCCCTTTTAGAGCCCATATCGACAAGGGGGTTTACGACCTCGATGTTGGATCAGGACATCCTAATGGTGCAGCCGCTATTAAGGGTTCGTTTGTTCAACGATTAAGGTCCT"
"TAATCCCTCCTAAGAGCCCACATTGCCGGAGGGGTTTGCGACCTCGATGTTGGATCGGGGAACCCCGATGGTGCAGCCGCTATCAACGGTTGGTCTGTTCGACCATTAAAACCCC","TAATCCCTCCTAAGAGCCCACATTGCCGGAGGGGTTTGCGACCTCGATGTTGGATCGGGGAACCCCGATGGTGCAGCCGCTATCAACGGTTGGTCTGTTCGACCATTAAAACCCC"
"TAATTCTTTTGAGTTTGCGACCTCGATGTTGGACTAGGAATTTAATCGGCTAGCCGCCTGTTAACATTGTTCTGTTCGAACAGTTTTTTCT","TAATTCTTTTGAGTTTGCGACCTCGATGTTGGACTAGGAATTTAATCGGCTAGCCGCCTGTTAACATTGTTCTGTTCGAACAGTTTTTTCT"
"TAATTTTTTCATAAAGTTCTTATTGAAGAAAAAGTTTGCGACCTCGATGTTGACTTGTTATCTCCTTCTAAGGTGCAGTAGCTGTAAGGGTTAGTCTGTTCGACTATTAAAATAAC","TAATTTTTTCATAAAGTTCTTATTGAAGAAAAAGTTTGCGACCTCGATGTTGACTTGTTATCTCCTTCTAAGGTGCAGTAGCTGTAAGGGTTAGTCTGTTCGACTATTAAAATAAC"
"CAATTTCTCCCGAAAGATGGTATTGGAGGGGAAGATTGTGTCCTCGATGTTGGCTTTAGGTGTCCTAGAGGCGTAAAAGCTTCTAAGGGTGGGTCTGTTCGCCCTTTAAAATCTA","CAATTTCTCCCGAAAGATGGTATTGGAGGGGAAGATTGTGTCCTCGATGTTGGCTTTAGGTGTCCTAGAGGCGTAAAAGCTTCTAAGGGTGGGTCTGTTCGCCCTTTAAAATCTA"
"CAATTTCTCCCGAAAGATGGTATTGGAGGGGAAGATTGCGACCTCGATGTTGGCTTTAGATATCCTAGGGGCGTAGAAGCTTCTAATGGTGGGTCTGTTCGCCCTTTAAAATCTA","CAATTTCTCCCGAAAGATGGTATTGGAGGGGAAGATTGCGACCTCGATGTTGGCTTTAGATATCCTAGGGGCGTAGAAGCTTCTAATGGTGGGTCTGTTCGCCCTTTAAAATCTA"
"TAATCTTTTTTGAGAGTTCTAATCGACAAAAAGGTTTGCGACCTCGATGTTGGACTAAAATTTAGGCAGGGTACAGCAGTTCTGCTTTTAGGTCTGTTCGACCTATAATATTTT","TAATCTTTTTTGAGAGTTCTAATCGACAAAAAGGTTTGCGACCTCGATGTTGGACTAAAATTTAGGCAGGGTACAGCAGTTCTGCTTTTAGGTCTGTTCGACCTATAATATTTT"
"TAATCTTTTTTGAGAGTTCTAATCGACAAAAAGGTTTGCGACCTCGATGTTGGACTAAAATTTAGGCAGGGTGCAGCAGTTCCGCTTTTAGGTCTGTTCGACCTATAATATTTT","TAATCTTTTTTGAGAGTTCTAATCGACAAAAAGGTTTGCGACCTCGATGTTGGACTAAAATTTAGGCAGGGTGCAGCAGTTCCGCTTTTAGGTCTGTTCGACCTATAATATTTT"
"CAATTTCTCCCGAAAGATGGTATTGGAGGAGAAGATTGTGACCTCGATGTTGGCTTTAGGTGTCCTAGAGGCGTAAAAGCTTTTAAGGGTGGGTCTGTTCGCCCTTTAAAATCTA","CAATTTCTCCCGAAAGATGGTATTGGAGGAGAAGATTGTGACCTCGATGTTGGCTTTAGGTGTCCTAGAGGCGTAAAAGCTTTTAAGGGTGGGTCTGTTCGCCCTTTAAAATCTA"
"CAATCCTATTCTAGAGTCCATATCAACAATAGGGTTTACGACCTCGATGTTTGATCAGGACATCCCGATGGTGCAGCCGCTATTAAAGGTTCGTTTGTTCAACGATTAAAGTCCT","CAATCCTATTCTAGAGTCCATATCAACAATAGGGTTTACGACCTCGATGTTTGATCAGGACATCCCGATGGTGCAGCCGCTATTAAAGGTTCGTTTGTTCAACGATTAAAGTCCT"
"TAATTTTTCTTTATAGTCCGCATTGAAAGAGAAGATTGCGACCTCGATGTTGAATTAAGGTGACCAGAGGGCGTAGGGGCCCTCTAAGGTTGGTTTGTTCGCCCATAAAAACCCTT","TAATTTTTCTTTATAGTCCGCATTGAAAGAGAAGATTGCGACCTCGATGTTGAATTAAGGTGACCAGAGGGCGTAGGGGCCCTCTAAGGTTGGTTTGTTCGCCCATAAAAACCCTT"
"CAATTTACTTGGTGAGTTGGTATCTATGGGTAAGTTTGTGACCTCGATGTTGGACTAAGATATCCTTCAAGTGCAGTGGTTTGAAAGGGTTGGTCTGTTCGACCATTAATATCTT","CAATTTACTTGGTGAGTTGGTATCTATGGGTAAGTTTGTGACCTCGATGTTGGACTAAGATATCCTTCAAGTGCAGTGGTTTGAAAGGGTTGGTCTGTTCGACCATTAATATCTT"
"TAATCTTTTTTGAGAGTTCTAATCGACAAAAAGGTTTGCGACCTCGATGTTGGACTAAAATTTAGGCAGGGTGCAGCAGTTCTGCTTTTAGATCTGTTCGACCTATAATATTTT","TAATCTTTTTTGAGAGTTCTAATCGACAAAAAGGTTTGCGACCTCGATGTTGGACTAAAATTTAGGCAGGGTGCAGCAGTTCTGCTTTTAGATCTGTTCGACCTATAATATTTT"
"TAATTCTTTTGAGTTTGCGACCTCGATGTTGGACTAGGAATTTAATCGGCTAGCCGCCTGTTGACATTGTTCTGTTCGAACAGTTTTTCCT","TAATTCTTTTGAGTTTGCGACCTCGATGTTGGACTAGGAATTTAATCGGCTAGCCGCCTGTTGACATTGTTCTGTTCGAACAGTTTTTCCT"
"TTATACCTTTTTAGAGCCCCTATCGCCAAAGGTGTTTACGACCTCGATGTTGAATTGAAGTACCTATTTTAAGCAGCCTTAAAACGAGGAAGTCTGTTCGACTTTTAATTTTTC","TTATACCTTTTTAGAGCCCCTATCGCCAAAGGTGTTTACGACCTCGATGTTGAATTGAAGTACCTATTTTAAGCAGCCTTAAAACGAGGAAGTCTGTTCGACTTTTAATTTTTC"
"TAATCTTTTTTGAGAGTTCTACTCGACAAAAAGGTTTGCGACCTCGATGTTGGACTAAAATTTAGATGTGGTGCAGCAGCTACATTTTAGGGTCTGTTCGACCCATAATATTTT","TAATCTTTTTTGAGAGTTCTACTCGACAAAAAGGTTTGCGACCTCGATGTTGGACTAAAATTTAGATGTGGTGCAGCAGCTACATTTTAGGGTCTGTTCGACCCATAATATTTT"
"TAATTCTTTATGAGCTTGCGACCTCGATGTTGGACTAGGAATTTGGGAGGCTAGCCGCCTATTTATATTGTTCTGTTCGAACTATTTTTCCT","TAATTCTTTATGAGCTTGCGACCTCGATGTTGGACTAGGAATTTGGGAGGCTAGCCGCCTATTTATATTGTTCTGTTCGAACTATTTTTCCT"
"CAATCCTATTCTAGAGTCCATATCGACAATAGGGTTTACGACCTCGATGTTGGATCAGGACATCCCAATGGTGCAGCCGCTATTAAAGGTTCGTTTGTTCAACGATTAAAGTCCT","CAATCCTATTCTAGAGTCCATATCGACAATAGGGTTTACGACCTCGATGTTGGATCAGGACATCCCAATGGTGCAGCCGCTATTAAAGGTTCGTTTGTTCAACGATTAAAGTCCT"
"CAATTTCTCCCGAAAGATGGTATTGGAGGGGAAGATTGTGACCTCGATGTTGGCTTTAGGTGTCCTGGAGGCGTAAAAGCTTCTAAGGGTGGGTCTGTTCGCCCTTTAAAATCTA","CAATTTCTCCCGAAAGATGGTATTGGAGGGGAAGATTGTGACCTCGATGTTGGCTTTAGGTGTCCTGGAGGCGTAAAAGCTTCTAAGGGTGGGTCTGTTCGCCCTTTAAAATCTA"
"TAATTCTTTATGATCTTGCGACCTCGATGTTGGACTAGGAATTTGGTAGGCTAGCCGCCTATTTATATTGTCCTGTTCGAACTATTTTTCCT","TAATTCTTTATGATCTTGCGACCTCGATGTTGGACTAGGAATTTGGTAGGCTAGCCGCCTATTTATATTGTCCTGTTCGAACTATTTTTCCT"
"CAATTTCTCCCGAAAGATGGTATTGGAGGGGAAGATTGTGACCTCGATGTTGGCTTTAGGTGTCCTAGAGGCGTAAAAGCTTCTAAGGGTGAGTCTGTTCGCCCTTTAAAATCTA","CAATTTCTCCCGAAAGATGGTATTGGAGGGGAAGATTGTGACCTCGATGTTGGCTTTAGGTGTCCTAGAGGCGTAAAAGCTTCTAAGGGTGAGTCTGTTCGCCCTTTAAAATCTA"
"TAATCTTTTTTGAGAGTTCTAATCGACAAAAAGGTTTGCGACCTCGATGTGGGACTAAAATTTAGGCAGGGTGCAGCAGTTCTGCTTTTAGGTCTGTTCGACCTATAATATTTT","TAATCTTTTTTGAGAGTTCTAATCGACAAAAAGGTTTGCGACCTCGATGTGGGACTAAAATTTAGGCAGGGTGCAGCAGTTCTGCTTTTAGGTCTGTTCGACCTATAATATTTT"
"TAATCTTTTTTGAGAGTTCTAATCGACAAAAAGGTTTGCGACCTCGATGTTGGACTAAAATTTAGATGTGGTGCAGCAGCTACATTTTAGGGTTTGTTCGACCCATAATATTTT","TAATCTTTTTTGAGAGTTCTAATCGACAAAAAGGTTTGCGACCTCGATGTTGGACTAAAATTTAGATGTGGTGCAGCAGCTACATTTTAGGGTTTGTTCGACCCATAATATTTT"
"CAATTTCTCCCGAAAGATGGTATTGGAGGGGAAGATTGCGACCTCGATGTTGGCTTTAGATATCCTAGAGGCGTAGAAGCCTCTAATGGTGGGTCTGCTCGCCCTTTAAAATCTA","CAATTTCTCCCGAAAGATGGTATTGGAGGGGAAGATTGCGACCTCGATGTTGGCTTTAGATATCCTAGAGGCGTAGAAGCCTCTAATGGTGGGTCTGCTCGCCCTTTAAAATCTA"
"TAATTCTTTATGAACTTGCGACCTCGATGTTGGACTAGGAATTTGGTAGGCTAGCCGTCTATTTATATTGTTCTGTTCGAACTATTTTTCCT","TAATTCTTTATGAACTTGCGACCTCGATGTTGGACTAGGAATTTGGTAGGCTAGCCGTCTATTTATATTGTTCTGTTCGAACTATTTTTCCT"
"TTATAAAATTAAAGAGACCTTATCTCCAATTTTGATTGCGACCTCGATGTTGAATTAATAAATCCGCGCGGGGCAGCCCCCGCAAAGGAAGGTTTGTTCAACCTTTAATTTATT","TTATAAAATTAAAGAGACCTTATCTCCAATTTTGATTGCGACCTCGATGTTGAATTAATAAATCCGCGCGGGGCAGCCCCCGCAAAGGAAGGTTTGTTCAACCTTTAATTTATT"
"TAATATTTATTAACAAGATCACATTATTAATAAAGAGTACGACCTCGATGTTGAACTAAAGGGAAGCTAATGTATAATATAGTGTCTATCGTCTGTTCGCCGATTTACCTTT","TAATATTTATTAACAAGATCACATTATTAATAAAGAGTACGACCTCGATGTTGAACTAAAGGGAAGCTAATGTATAATATAGTGTCTATCGTCTGTTCGCCGATTTACCTTT"
"CAATCCTCTTTTAGAGCCCATATCGACAAGGGGGTTTACGACCTCGATGTTGGATCAGGGCATCCTAATGGTGCAGCCGCTATTAAGGGTTCGTTTGTTCAACGATTAAAGTCCT","CAATCCTCTTTTAGAGCCCATATCGACAAGGGGGTTTACGACCTCGATGTTGGATCAGGGCATCCTAATGGTGCAGCCGCTATTAAGGGTTCGTTTGTTCAACGATTAAAGTCCT"
"TTATTTCTTCTGAGAGATCTAATTGAAGAAGAAGATTGCGACCTCGATGTTGGATTAGGATTTCTTGTTGGCGTAGAGGCTAGTTGAGTAGGACTGTTCGTCCTTTAAAATCTA","TTATTTCTTCTGAGAGATCTAATTGAAGAAGAAGATTGCGACCTCGATGTTGGATTAGGATTTCTTGTTGGCGTAGAGGCTAGTTGAGTAGGACTGTTCGTCCTTTAAAATCTA"
"TAATCCTGATTGAGAGTTCATATTGAAGTCAGGGTTTGCGACCTCGATGTCTGCTCATCGCATCCTCCTGGTGAAGAAGCTAGGAAGGGTAGGGCTGTTCGCCCTCTAAGGCGGT","TAATCCTGATTGAGAGTTCATATTGAAGTCAGGGTTTGCGACCTCGATGTCTGCTCATCGCATCCTCCTGGTGAAGAAGCTAGGAAGGGTAGGGCTGTTCGCCCTCTAAGGCGGT"
"CAATGTAGTATACAGGCCTCATGTTCTACTACTCTTGTGACCTCGATGTTGAATTAAGAAAACATTAGGTGTAGCAGCTTAAAATGTATTTGTCTGTTCGACAAAATAACTCTT","CAATGTAGTATACAGGCCTCATGTTCTACTACTCTTGTGACCTCGATGTTGAATTAAGAAAACATTAGGTGTAGCAGCTTAAAATGTATTTGTCTGTTCGACAAAATAACTCTT"
"TAATCTTCCTGGAGAGGTCTTATCTATAGGAAGGGTTGCGACCTCGATGTTGAATTAAAATTTCCGGGCGAAGCAGCAGGTGCCGTAGGAGGGTTTGTTCAACCTTTAATTTTTT","TAATCTTCCTGGAGAGGTCTTATCTATAGGAAGGGTTGCGACCTCGATGTTGAATTAAAATTTCCGGGCGAAGCAGCAGGTGCCGTAGGAGGGTTTGTTCAACCTTTAATTTTTT"
"TAATCCCTCCTAAGAGCCCGCATTGCCGGAGGGGTTTGCGACCTCGATGTTGGATCAGGGAACCCCGATGGTGCAGCCGCTATCAACGGTTGGTCTGTTCGACCATTAAAACCCC","TAATCCCTCCTAAGAGCCCGCATTGCCGGAGGGGTTTGCGACCTCGATGTTGGATCAGGGAACCCCGATGGTGCAGCCGCTATCAACGGTTGGTCTGTTCGACCATTAAAACCCC"
"CAACCTCCTTGGATAGCCCACATTGATAAGGACTCTTGTGACCTCGATGTTGAATTACAGGTACTAATTGGTGAAGCAGCCTTTATAGACAGTCTGTTCGACTAATAACCCCTTT","CAACCTCCTTGGATAGCCCACATTGATAAGGACTCTTGTGACCTCGATGTTGAATTACAGGTACTAATTGGTGAAGCAGCCTTTATAGACAGTCTGTTCGACTAATAACCCCTTT"
"TTATTCTACCAAAGAGATCTAATCGAAGGTAGAGTTTGCGACCTCGATGTTGGACTAAGGTAACCTGTAAGTGTAGAAGTTTACAAGGGTAAGCCTGTTCGGCTTTTAAAACCTT","TTATTCTACCAAAGAGATCTAATCGAAGGTAGAGTTTGCGACCTCGATGTTGGACTAAGGTAACCTGTAAGTGTAGAAGTTTACAAGGGTAAGCCTGTTCGGCTTTTAAAACCTT"
"CAATCCTCTTTTAGGGCCCATATCGACAAGAGGGTTTACGACCTCGATGTTGGATCAGGACATCCTAATGGTGCAGCCGCTATTAAGGGTTCGTTTGTTCAACGATTAAAGTCCT","CAATCCTCTTTTAGGGCCCATATCGACAAGAGGGTTTACGACCTCGATGTTGGATCAGGACATCCTAATGGTGCAGCCGCTATTAAGGGTTCGTTTGTTCAACGATTAAAGTCCT"
"TAATCTTTTTTGAGAGTTCTAATCGACAAAAAGGTTTGCGACCTCGATGTTGGACTAAAATTTAGGCAGGGTGCAGCAGTTCTGCTTTTAGGTCTATTCGACCTATAATATTTT","TAATCTTTTTTGAGAGTTCTAATCGACAAAAAGGTTTGCGACCTCGATGTTGGACTAAAATTTAGGCAGGGTGCAGCAGTTCTGCTTTTAGGTCTATTCGACCTATAATATTTT"
"CAATCCTCTTTTAGAGCCCATATCGACAAGGGGGTTTACGACCTCGATGTTGGATCAGGACATCCTAATGGTGCAGCCACTATTAAGGGTTCGTTTGTTCAACGATTAAAGTCCT","CAATCCTCTTTTAGAGCCCATATCGACAAGGGGGTTTACGACCTCGATGTTGGATCAGGACATCCTAATGGTGCAGCCACTATTAAGGGTTCGTTTGTTCAACGATTAAAGTCCT"
"TTATTTCTTCTGAGAGATCTAATTGAAGAAGAAGATTGCGACCTCGATGTTGGATTAGGATTTCTTGTTGGCGTAGAGGCTGGTTGAGTAGGACTGTTCGTCCTTTAAAATTCT","TTATTTCTTCTGAGAGATCTAATTGAAGAAGAAGATTGCGACCTCGATGTTGGATTAGGATTTCTTGTTGGCGTAGAGGCTGGTTGAGTAGGACTGTTCGTCCTTTAAAATTCT"
"CAATCCTATTCTAGAGTCCATATCAACAATAGGGTTTACGACCTCGATGTTGGATCGGGACATCCCGATGGTGCAGCCGCTATTAAAGGTTCGTTTGTTCAACGATTAAAGTCCT","CAATCCTATTCTAGAGTCCATATCAACAATAGGGTTTACGACCTCGATGTTGGATCGGGACATCCCGATGGTGCAGCCGCTATTAAAGGTTCGTTTGTTCAACGATTAAAGTCCT"
"CAATTTCTCCCGAAAGATGGTATTGGAGGGGAAGATTGCGACCTCGATGTTGGCTTTAAATATCCTAGAGGCGTAGAAGCTTCTAATGGTGGGTCTGTTCGCCCTTTAAAATCTA","CAATTTCTCCCGAAAGATGGTATTGGAGGGGAAGATTGCGACCTCGATGTTGGCTTTAAATATCCTAGAGGCGTAGAAGCTTCTAATGGTGGGTCTGTTCGCCCTTTAAAATCTA"
"CAATTTCTCCCGAAAGATGGTATTGGAGGGGAAGATTGTGACCTCGATGTTGGCTTTAGGTGTCCTAGAGGCGTAAAAGCTTCTAAGGGTGGGTCTGTTCGCCCGTTAAAATCTA","CAATTTCTCCCGAAAGATGGTATTGGAGGGGAAGATTGTGACCTCGATGTTGGCTTTAGGTGTCCTAGAGGCGTAAAAGCTTCTAAGGGTGGGTCTGTTCGCCCGTTAAAATCTA"
"CAATTTCTCCCGAAAGATGGTATTGGATGGGAAGATTGCGACCTCGATGTTGGCTTTAGATATCCTAGAGGCGTAGAAGCTTCTAATGGTGGGTCTGTTCGCCCTTTAAAATCTA","CAATTTCTCCCGAAAGATGGTATTGGATGGGAAGATTGCGACCTCGATGTTGGCTTTAGATATCCTAGAGGCGTAGAAGCTTCTAATGGTGGGTCTGTTCGCCCTTTAAAATCTA"
"TTATTTTTCCTGAGAGATCGAATTGAGGGAAAAGTTTGCGACCTCGATGTTGGATTATAGAAACTTTATGGTGCAGCAGCTATAATTGTGAGACTGTTCGTCTTTTCAATCTAT","TTATTTTTCCTGAGAGATCGAATTGAGGGAAAAGTTTGCGACCTCGATGTTGGATTATAGAAACTTTATGGTGCAGCAGCTATAATTGTGAGACTGTTCGTCTTTTCAATCTAT"
"CAATCTTCCTGATAAGGCCATATTTAAGGGATGGTTTGCGACCTCGATGTTGAATCAGAATTTCTATTAGGTGTAGCAGCTTAATAAGTGGGACTGTTCGTCCTTTAAAATTCT","CAATCTTCCTGATAAGGCCATATTTAAGGGATGGTTTGCGACCTCGATGTTGAATCAGAATTTCTATTAGGTGTAGCAGCTTAATAAGTGGGACTGTTCGTCCTTTAAAATTCT"
"TTATACCTTTTTAGAGCCCCTATCGCCAAAGGTGTTTACGACCTCGATGTTGAATTGAAGTACCTATTTTAAGCAGCCTTAAAGCAAGGAAGTCTGTTCGACTTTTAATTTTTC","TTATACCTTTTTAGAGCCCCTATCGCCAAAGGTGTTTACGACCTCGATGTTGAATTGAAGTACCTATTTTAAGCAGCCTTAAAGCAAGGAAGTCTGTTCGACTTTTAATTTTTC"
"TAATTTTTTCATAAAGTTCTTATTGAAGAAAAAGTTTGCGACCTCGATGTTGACTTGCTATCTCCTTCTAAGGTGCAGTAGCTGTAAGGGTTAGTCTGTTCGACTATTAAAATAAC","TAATTTTTTCATAAAGTTCTTATTGAAGAAAAAGTTTGCGACCTCGATGTTGACTTGCTATCTCCTTCTAAGGTGCAGTAGCTGTAAGGGTTAGTCTGTTCGACTATTAAAATAAC"
"TAATTTTTTTGGAGAGTTCATATCGATAAAAAAGATTGCGACCTCGATGTTGGACTAAGAATTATTTTAAATGCAGAAGTTTAAATTTTAAGTCTGTTCGACTTTTAAATTCTT","TAATTTTTTTGGAGAGTTCATATCGATAAAAAAGATTGCGACCTCGATGTTGGACTAAGAATTATTTTAAATGCAGAAGTTTAAATTTTAAGTCTGTTCGACTTTTAAATTCTT"
"CAATCACTCTGATAAGGCCATATTTAAGGAGTGGTTTGCGACCTCGATGTTGAATCAAAATTTCTACTTGGTGTAGCAGCTTAGTTAGTGGGACTGTTCGTCCTTTAAAATTTT","CAATCACTCTGATAAGGCCATATTTAAGGAGTGGTTTGCGACCTCGATGTTGAATCAAAATTTCTACTTGGTGTAGCAGCTTAGTTAGTGGGACTGTTCGTCCTTTAAAATTTT"
"CAATTTCTCCCGAAAGATGGTATTGGAGGGGAAGATTGCGACCTCGATGTTGGCTTTAGATATCCTAGAGGCGTAGAAGTTTCTAATGGTGGGTCTGTTCGCCCTTTAAAATCTA","CAATTTCTCCCGAAAGATGGTATTGGAGGGGAAGATTGCGACCTCGATGTTGGCTTTAGATATCCTAGAGGCGTAGAAGTTTCTAATGGTGGGTCTGTTCGCCCTTTAAAATCTA"
"TAATGGATTAGGAGAGCCCATATCTATTAATTTTTTGCGACCTCGATGTTGAATTAATAAACCTAAATAAAGCAGTTTTTATTTAAGGGGGTTTGTTCAACCTTTTAATTATT","TAATGGATTAGGAGAGCCCATATCTATTAATTTTTTGCGACCTCGATGTTGAATTAATAAACCTAAATAAAGCAGTTTTTATTTAAGGGGGTTTGTTCAACCTTTTAATTATT"
"CGACAAATTAAGAGTTCAAATCTAATCTTTTTATAGCGACCTCGATGTTGAATTAGGGACTAGTTACTAGTAGAAAAGTAATTAACGGGACTGTTTGGCCCTTTCCCCT","CGACAAATTAAGAGTTCAAATCTAATCTTTTTATAGCGACCTCGATGTTGAATTAGGGACTAGTTACTAGTAGAAAAGTAATTAACGGGACTGTTTGGCCCTTTCCCCT"
"TAATTTTTTCTGAGAGGCCTAATTGAAGAAAAAGCTTGCGACCTCGATGTTGGATTAGGGTTTCTGTTTGGCGTAGGAGCTAAATAAGTAGGATTGTTCGTCCTTTAAAACCCT","TAATTTTTTCTGAGAGGCCTAATTGAAGAAAAAGCTTGCGACCTCGATGTTGGATTAGGGTTTCTGTTTGGCGTAGGAGCTAAATAAGTAGGATTGTTCGTCCTTTAAAACCCT"
"TAATTCTTTATGAGCTTGCGACCTCGATGTTGGACTAGGAATTTGGCAGGCTAGCCGCCTGTTTATATTGTTCTGTTCGAACTATTTTTCCT","TAATTCTTTATGAGCTTGCGACCTCGATGTTGGACTAGGAATTTGGCAGGCTAGCCGCCTGTTTATATTGTTCTGTTCGAACTATTTTTCCT"
"TAATTTGGTTCCCGAAATATCTTATTAAGGGAAGAGTGTGCGACCTCGATGTTGAATTAAAGGAGCTTTTTGGTTGAAAATGCTAAAAGGGCAAAACTGTTCGTTTTTTAATCCTTT","TAATTTGGTTCCCGAAATATCTTATTAAGGGAAGAGTGTGCGACCTCGATGTTGAATTAAAGGAGCTTTTTGGTTGAAAATGCTAAAAGGGCAAAACTGTTCGTTTTTTAATCCTTT"
"CAATTTCTCCCGAAAGATGGTATTGGAGGGGAAGATTGCGACCTCGATGTTGGCTTTAGATATCCTAGAGGCGTAGAAGCTTCTAATGGTGGGTCTGTTGGCCCTTTAAAATCTA","CAATTTCTCCCGAAAGATGGTATTGGAGGGGAAGATTGCGACCTCGATGTTGGCTTTAGATATCCTAGAGGCGTAGAAGCTTCTAATGGTGGGTCTGTTGGCCCTTTAAAATCTA"
"TAATCTTTTTTGAGAGTTCTAATCGACAAAAAGGTTTGCGACCTCGATGTTGGACTAAAATTTAGATGTGGTGCAGCAGCTACATTTTAGGGTCTGTTCGACCCGTAATATTTT","TAATCTTTTTTGAGAGTTCTAATCGACAAAAAGGTTTGCGACCTCGATGTTGGACTAAAATTTAGATGTGGTGCAGCAGCTACATTTTAGGGTCTGTTCGACCCGTAATATTTT"
"TGCCTGTTAAAATAGTTCATATAAAAATAACAGATAACAACCTCGATGTTGAATTAAGTAATCCTAAAATAGAAAAAGATTTTAAGGAAGGGTCTGTTCGACCCATAGCTACTT","TGCCTGTTAAAATAGTTCATATAAAAATAACAGATAACAACCTCGATGTTGAATTAAGTAATCCTAAAATAGAAAAAGATTTTAAGGAAGGGTCTGTTCGACCCATAGCTACTT"
"CAATTTCTCCCGAAAGATGGTATTGGAGGGGAAGATTGTGACCTCGATGTTGACTTTAGGTGTCCTAGAGGCGTAAAAGCTTCTAAGGGTGGGTCTGTTCGCCCTTTAAAATCTA","CAATTTCTCCCGAAAGATGGTATTGGAGGGGAAGATTGTGACCTCGATGTTGACTTTAGGTGTCCTAGAGGCGTAAAAGCTTCTAAGGGTGGGTCTGTTCGCCCTTTAAAATCTA"
"TAATCCCTCCTAAGAGCCCGCATTGCCGGAGGGGTTTGCGACCCCGATGTTGGATCGGGGAACCCCGATGGTGCAGCCGCTATCAACGGTTGGTCTGTTCGACCATTAAAACCCC","TAATCCCTCCTAAGAGCCCGCATTGCCGGAGGGGTTTGCGACCCCGATGTTGGATCGGGGAACCCCGATGGTGCAGCCGCTATCAACGGTTGGTCTGTTCGACCATTAAAACCCC"
"CAACCTCCTTGGATAGCCCACATTGATAAGGACTCTTGTGACCTCGATGTTGAATTACAGGTACTAATTGGTGAAGCAGCCTTTGTAGCCAGTCTGTTCGACTAATAACCCCTTT","CAACCTCCTTGGATAGCCCACATTGATAAGGACTCTTGTGACCTCGATGTTGAATTACAGGTACTAATTGGTGAAGCAGCCTTTGTAGCCAGTCTGTTCGACTAATAACCCCTTT"
"CAATCCCTTCTTAGAGCCCATATCGACGAAGGGGTTTACGACCTCGATGTTGGATCAGGACATCCTAATGGTGCAGCCGCTATTAGGGGTTCGTTTGTTCAACGATTAATAGTCCT","CAATCCCTTCTTAGAGCCCATATCGACGAAGGGGTTTACGACCTCGATGTTGGATCAGGACATCCTAATGGTGCAGCCGCTATTAGGGGTTCGTTTGTTCAACGATTAATAGTCCT"
"TAATTCTTTACGAGCTTGCGACCTCGATGTTGGACTAGGAATTTGGTAGGCTAGCCGCCTATTTATATTGTTCTGTTCGAACTATTTTTCCT","TAATTCTTTACGAGCTTGCGACCTCGATGTTGGACTAGGAATTTGGTAGGCTAGCCGCCTATTTATATTGTTCTGTTCGAACTATTTTTCCT"
"TAATCTTTTTTGAGAGTTCTTATCGAAAAATAGGTTTGTGACCTCGATGTTGGACTAGAATATCCTGATAGATGCAGCTGTCTTCAAGGGTTGGTCTGTTCGACCATTAAAATTCT","TAATCTTTTTTGAGAGTTCTTATCGAAAAATAGGTTTGTGACCTCGATGTTGGACTAGAATATCCTGATAGATGCAGCTGTCTTCAAGGGTTGGTCTGTTCGACCATTAAAATTCT"
"TTATTTCTTCAGAAAGATTATATTTATGAAGAAGATTGCGACCTCGATGTTGAATTAAAAGATCACTAGGGGGTAGAAAGTCTAGAAGAGGGTTTGTTCAACCTTTAAAATTTT","TTATTTCTTCAGAAAGATTATATTTATGAAGAAGATTGCGACCTCGATGTTGAATTAAAAGATCACTAGGGGGTAGAAAGTCTAGAAGAGGGTTTGTTCAACCTTTAAAATTTT"
"TTATCTTTTTTTAGAGAACTAATCGAAAAAAAGGTTTGCGACCTCGATGTTGGATTTGGGTAGCCATTTGGTTGTAAGGGCTAAAAGGGTAGGACTGTTCGTCCTTTAAAACTCA","TTATCTTTTTTTAGAGAACTAATCGAAAAAAAGGTTTGCGACCTCGATGTTGGATTTGGGTAGCCATTTGGTTGTAAGGGCTAAAAGGGTAGGACTGTTCGTCCTTTAAAACTCA"
"TAATTCTTTATGAGCTTGCGACCTCGATGTTGGACTAGGAATTTGGTAGGCTAGCCGCCCATTCATATTGTTCTGTTCGAACTATTTTTCCT","TAATTCTTTATGAGCTTGCGACCTCGATGTTGGACTAGGAATTTGGTAGGCTAGCCGCCCATTCATATTGTTCTGTTCGAACTATTTTTCCT"
"TAATTTGGTTCCCGAAAGATCTTATTAAGGGAAGAGTGTGCGACCTCGATGTTGAATTAAAGGAGCTTTTTGGTTGAAAATGCTAAAAGGGCAAAACTGTTCGTCTTTTAATCCTTT","TAATTTGGTTCCCGAAAGATCTTATTAAGGGAAGAGTGTGCGACCTCGATGTTGAATTAAAGGAGCTTTTTGGTTGAAAATGCTAAAAGGGCAAAACTGTTCGTCTTTTAATCCTTT"
"TAATCTTTTTTGAGAGTTCTAATCGACAAAAAGGTTTGCGACCTCGATGTTGGACTAAAGTTTAGGCAGGGTGCAGCAGTTCTGCTTTTAGGTCTGTTCGACCTATAATATTTT","TAATCTTTTTTGAGAGTTCTAATCGACAAAAAGGTTTGCGACCTCGATGTTGGACTAAAGTTTAGGCAGGGTGCAGCAGTTCTGCTTTTAGGTCTGTTCGACCTATAATATTTT"
"TTATTGTTATTAAAGATCTTATTAAAATAATAGTTTGCGACCTCGATGTTGAATTGCGGTGTGTGATCAGAGTAGAAATTGTTCTCCATAGGTCTGTTCGACCTTTTACCCGC","TTATTGTTATTAAAGATCTTATTAAAATAATAGTTTGCGACCTCGATGTTGAATTGCGGTGTGTGATCAGAGTAGAAATTGTTCTCCATAGGTCTGTTCGACCTTTTACCCGC"
"TAATTCTTTTGAGTTTGCGACCTCGATGTTCGACTAGGAATTTAATCGGCTAGCCGCCTGTTAACATTGTTCTGTTCGAACAGTTTTTCCT","TAATTCTTTTGAGTTTGCGACCTCGATGTTCGACTAGGAATTTAATCGGCTAGCCGCCTGTTAACATTGTTCTGTTCGAACAGTTTTTCCT"
"CAATCTCTTTGTCGAGGTCATATTAGAGAAGGGGTTTGCGACCTCGATGTTGAATCAGAATTCCTATCAGGCGGAGAGGTTTGGTAAGTGGGACTGTTCGTCCTTTGAAATTCT","CAATCTCTTTGTCGAGGTCATATTAGAGAAGGGGTTTGCGACCTCGATGTTGAATCAGAATTCCTATCAGGCGGAGAGGTTTGGTAAGTGGGACTGTTCGTCCTTTGAAATTCT"
"TAATAACCATCAAGAGACCAAATTAGGGTGGGTGTTGACGACCTCGATGTTGGATTAAGGAATCTCCGCGGTGCAGCCGCTGCGGTAGAAAGTCTGTTCGACTTTTGAACCCTT","TAATAACCATCAAGAGACCAAATTAGGGTGGGTGTTGACGACCTCGATGTTGGATTAAGGAATCTCCGCGGTGCAGCCGCTGCGGTAGAAAGTCTGTTCGACTTTTGAACCCTT"
"CAATCCTCTCCCAGAGTCCCTATCGACGGGGGGGTTTACGACCTCGATGTTGGATCAGGACATCCTATTGGTGCAGCCGCTAATAAGGGTTCGTTTGTTCAACGATTAAAGTCCT","CAATCCTCTCCCAGAGTCCCTATCGACGGGGGGGTTTACGACCTCGATGTTGGATCAGGACATCCTATTGGTGCAGCCGCTAATAAGGGTTCGTTTGTTCAACGATTAAAGTCCT"
"CAATTTCTCCCGAAAGATGGTATTGGAGGGGAAGGTTGCGACCTCGATGTTGGCTTTAGATATCCTAGAGGCGTAGAAGCTTCTAATGGTAGGTCTGTTCGCCCTTTAAAATCTA","CAATTTCTCCCGAAAGATGGTATTGGAGGGGAAGGTTGCGACCTCGATGTTGGCTTTAGATATCCTAGAGGCGTAGAAGCTTCTAATGGTAGGTCTGTTCGCCCTTTAAAATCTA"
"TTATCCCTTTTTAGAGATCAAATCAAGAAAGGGGCTTGCGACCTCGATGTTGGATTAGAGGTTCCTTTTGGTGCAGAAGCTAAAATGGAGAGACTGTTCGTCTTTTAATTCTCT","TTATCCCTTTTTAGAGATCAAATCAAGAAAGGGGCTTGCGACCTCGATGTTGGATTAGAGGTTCCTTTTGGTGCAGAAGCTAAAATGGAGAGACTGTTCGTCTTTTAATTCTCT"
"CAATTTCTCCCGAAAGATGGTATTGGAGGGGAAGATTGCGACCTCGATGTTGACTTTAGATATCCTAGAGGCGTAGAAGCTTCTAATGGTGGGTCTGTTCGCCCTTTAAAATCTA","CAATTTCTCCCGAAAGATGGTATTGGAGGGGAAGATTGCGACCTCGATGTTGACTTTAGATATCCTAGAGGCGTAGAAGCTTCTAATGGTGGGTCTGTTCGCCCTTTAAAATCTA"
"TTATCTTCCTTGAGAGAACAAATTGAAGGGGAGGTTTGCGACCTCGATGTTGGATTAGAGTTTCCTTTTGGCGCAGAAGCTTAAAGGGTAAGACTGTTCGTCTTTTAAAGCTTT","TTATCTTCCTTGAGAGAACAAATTGAAGGGGAGGTTTGCGACCTCGATGTTGGATTAGAGTTTCCTTTTGGCGCAGAAGCTTAAAGGGTAAGACTGTTCGTCTTTTAAAGCTTT"
"TAATTCTTTTGAGTTTGCGACCTCGATGTTGGACTAGGAATTTAACCGGCTAGCCGCCTGTTAACATTGTTCTGTTCGAACAGCTTTTCCT","TAATTCTTTTGAGTTTGCGACCTCGATGTTGGACTAGGAATTTAACCGGCTAGCCGCCTGTTAACATTGTTCTGTTCGAACAGCTTTTCCT"
"TTATACCTTTTTAGAGCCCCTATCGCCAAAGGTGTTTACGACCTCGATGTTGAATTGAAATACCTATTTTAAGCAGCCTTAAAATAAGGAAGTCTGTTCGACTTTTAATTTTTC","TTATACCTTTTTAGAGCCCCTATCGCCAAAGGTGTTTACGACCTCGATGTTGAATTGAAATACCTATTTTAAGCAGCCTTAAAATAAGGAAGTCTGTTCGACTTTTAATTTTTC"
"CAATTTCTCCCGAAAGATGGTATTGGAGGGGAAGATTGCGACCTCGATATTGGCTTTAGATATCCTAGAGGCGTAGAAGCTTCTAATGGTGGGTCTGTTCGCCCTTTAAAATCTA","CAATTTCTCCCGAAAGATGGTATTGGAGGGGAAGATTGCGACCTCGATATTGGCTTTAGATATCCTAGAGGCGTAGAAGCTTCTAATGGTGGGTCTGTTCGCCCTTTAAAATCTA"
"CAATTTCTCCCGAAAGATGGTATTGGAGGGGAAGATTGCGACCTCGATGTTGGCTTTAGATATACTAGAGGCGTAGAAGCTTCTAATGGTGGGTCTGTTCGCCCTTTAAAATCTA","CAATTTCTCCCGAAAGATGGTATTGGAGGGGAAGATTGCGACCTCGATGTTGGCTTTAGATATACTAGAGGCGTAGAAGCTTCTAATGGTGGGTCTGTTCGCCCTTTAAAATCTA"
"CAATCTTCTTGATAAGGCCATATTTAAGAGATGGTTTGCGACCTCGATGTTGAATCAGGATAATCTATTAGGTGTAGCAGCTTTGTAAGTGGGACTGTTCGTCCTTTAAAATCCT","CAATCTTCTTGATAAGGCCATATTTAAGAGATGGTTTGCGACCTCGATGTTGAATCAGGATAATCTATTAGGTGTAGCAGCTTTGTAAGTGGGACTGTTCGTCCTTTAAAATCCT"
"CGACAAATTAAGAGTTCAAATCTAATCTTTTTATAGCGACCTCGATGTTGAATTAGGGACTAGTTACTAGTAGAAGAGTAATTAACGGGACTGTTCGGCCCTTTCCCCT","CGACAAATTAAGAGTTCAAATCTAATCTTTTTATAGCGACCTCGATGTTGAATTAGGGACTAGTTACTAGTAGAAGAGTAATTAACGGGACTGTTCGGCCCTTTCCCCT"
"TTATCTTCTTTTAGAGGACTAATCGAAAAGAAGGTTTGCGACCTCGATGTTGGATTTGGGTATCTGTCTGGTTGCAGGAGCTAGAGGAGTAGGACTGTTCGTCCTTTAAAACCCA","TTATCTTCTTTTAGAGGACTAATCGAAAAGAAGGTTTGCGACCTCGATGTTGGATTTGGGTATCTGTCTGGTTGCAGGAGCTAGAGGAGTAGGACTGTTCGTCCTTTAAAACCCA"
"CAATCACTTTGATAAGGCCATATTTAAGAAGTGGTTTGCGACCTCGATGTTGAATCAGAATACCTACTTGGTGTAGCAGCTAAGGAAGTGGGACTGTTCGTCCTTTAAAATTTT","CAATCACTTTGATAAGGCCATATTTAAGAAGTGGTTTGCGACCTCGATGTTGAATCAGAATACCTACTTGGTGTAGCAGCTAAGGAAGTGGGACTGTTCGTCCTTTAAAATTTT"
"TTATTTCTTTTGAGAGTTCTTATTGAAAAAGAAGTTTGCGACCTCGATGTTGAATTAAAGAATCTTTATAGTGCAGCAGTTATAAAAAGAAGGTCTGTTCGACCTTTAAATCTTT","TTATTTCTTTTGAGAGTTCTTATTGAAAAAGAAGTTTGCGACCTCGATGTTGAATTAAAGAATCTTTATAGTGCAGCAGTTATAAAAAGAAGGTCTGTTCGACCTTTAAATCTTT"
"CAATTTCTCCCGAAAGATGGTATTGGAGGGGAAGATTGTGACCTCGATGTTGGCTTTAGGTGTCCTAGAGGCGTAAAAGCTTCTAAGGGTGGGTCTGTTCGCCCTTTAAAGTCTA","CAATTTCTCCCGAAAGATGGTATTGGAGGGGAAGATTGTGACCTCGATGTTGGCTTTAGGTGTCCTAGAGGCGTAAAAGCTTCTAAGGGTGGGTCTGTTCGCCCTTTAAAGTCTA"
"TAATTTTCTCGGAGAGATCTTATCTATGGGAAGGGTTGCGACCTCGATGTTGAATTAAAATTTCCAGGTGAAGCAGCAGGTGCCTTAGGAGGGTTTGTTCAACCTTTAATTTTTT","TAATTTTCTCGGAGAGATCTTATCTATGGGAAGGGTTGCGACCTCGATGTTGAATTAAAATTTCCAGGTGAAGCAGCAGGTGCCTTAGGAGGGTTTGTTCAACCTTTAATTTTTT"
"TTATTTTTCCTGAGAGATCGAATTGAGGGAAAAGTTTGCGACCTCGATGTTGGATTATAGAAACTTTATGGTGCAGCAGCTATAATTGTGAGACTGTTCGTCTTTTAAACCTAT","TTATTTTTCCTGAGAGATCGAATTGAGGGAAAAGTTTGCGACCTCGATGTTGGATTATAGAAACTTTATGGTGCAGCAGCTATAATTGTGAGACTGTTCGTCTTTTAAACCTAT"
"TAATCCTCCCGGCGAGACCACATTAAGGGGAGGGTTTGCGACCTCGATGTTGGCTTAGGGCTTCCTAGAAGTGCAGGGGCTTCTAAGGGTTGGTCCGTTCGACCATTAAAGCCTT","TAATCCTCCCGGCGAGACCACATTAAGGGGAGGGTTTGCGACCTCGATGTTGGCTTAGGGCTTCCTAGAAGTGCAGGGGCTTCTAAGGGTTGGTCCGTTCGACCATTAAAGCCTT"
"CAATTTCTCCCGAAAGATGGTATTGGAGGGGAAGATTGTGACCTCGATGTTGGCTTTAGGTGTCCTAGAGGCGTAAAAGCTTCTAGGGGTGGGTCTGTTCGCCCTTTAAAATCTA","CAATTTCTCCCGAAAGATGGTATTGGAGGGGAAGATTGTGACCTCGATGTTGGCTTTAGGTGTCCTAGAGGCGTAAAAGCTTCTAGGGGTGGGTCTGTTCGCCCTTTAAAATCTA"
"TTATAATTAATAAAGTTCATATTGAATTAATTGTTTGCGACCTCGATGTTGAATTGCGGAGTGCTGATAGAGTAGAAATTATCAAGCTACGGGTCTGTTCGACCCTTTTTACCCGC","TTATAATTAATAAAGTTCATATTGAATTAATTGTTTGCGACCTCGATGTTGAATTGCGGAGTGCTGATAGAGTAGAAATTATCAAGCTACGGGTCTGTTCGACCCTTTTTACCCGC"
"TAATTTTTTCATAAAGTTCTTATCGAAGAAAAAGTTTGCGACCTCGATGTTGACTTGTTATCTCCTTCTAAGGTGCAGTAGCTGTAAGGGTTAGTCTGTTCGACTATTAAAATAAC","TAATTTTTTCATAAAGTTCTTATCGAAGAAAAAGTTTGCGACCTCGATGTTGACTTGTTATCTCCTTCTAAGGTGCAGTAGCTGTAAGGGTTAGTCTGTTCGACTATTAAAATAAC"
"TAATCTTTTTTGAGAGTTCTAATCGACAAAAAGGTTTGCGACCTCGATGTTGGACTAAAATTTAGGCAAGGTGCAGCAGTTCTGCTTTTAGGTCTGTTCGACCTATAATATTTT","TAATCTTTTTTGAGAGTTCTAATCGACAAAAAGGTTTGCGACCTCGATGTTGGACTAAAATTTAGGCAAGGTGCAGCAGTTCTGCTTTTAGGTCTGTTCGACCTATAATATTTT"
"TAATCTTTTTTGAGAGTTCTAATCGACAAAAAGGTTTGCGACCTCGATGTTGGACTAAAATTTAGGCAGGGTGCAGCAGTTCTGCTTTACGGTCTGTTCGACCTATAATATTTT","TAATCTTTTTTGAGAGTTCTAATCGACAAAAAGGTTTGCGACCTCGATGTTGGACTAAAATTTAGGCAGGGTGCAGCAGTTCTGCTTTACGGTCTGTTCGACCTATAATATTTT"
"TAATCTTTCTGGAGAGATCTAATCGAAAGAAGGGTTTGCGACCTCGATGTTGGACTAAGGTATCCTAAGGGTGTAGAAGTTCTTGAGGGTTGGTCTGTTCGACCATTAAAACCTT","TAATCTTTCTGGAGAGATCTAATCGAAAGAAGGGTTTGCGACCTCGATGTTGGACTAAGGTATCCTAAGGGTGTAGAAGTTCTTGAGGGTTGGTCTGTTCGACCATTAAAACCTT"
"CAATCCCTTCTTAGAGCCCATATCGACGAAGGGGTTTACGACCTCGATGTTGGATCAGGACATCCTAATGGTGCAGCCGCTATTAAGGGTTCGTTTGTTCAATGATTAATAGTCCT","CAATCCCTTCTTAGAGCCCATATCGACGAAGGGGTTTACGACCTCGATGTTGGATCAGGACATCCTAATGGTGCAGCCGCTATTAAGGGTTCGTTTGTTCAATGATTAATAGTCCT"
"TAATTTTTTTGGAGAGTTCTTATCGATAAAAAAGATTGCGACCTCGATGTTGGACTAAGAATTATTTTAAATGCAGAAGTTTAAATTTTAAGTCTGTTCGACTTTTAAATTCTT","TAATTTTTTTGGAGAGTTCTTATCGATAAAAAAGATTGCGACCTCGATGTTGGACTAAGAATTATTTTAAATGCAGAAGTTTAAATTTTAAGTCTGTTCGACTTTTAAATTCTT"
"TAATCTTTTTTTAGAGTTCTTATCAAAAAAAGGGTTTGCGACCTCGATGTTGGACTAAGGTATCCTAAAGGTGTAGAAGCTTTTGATGGTAGGTCTGTTCGACCTTTAAAACCTT","TAATCTTTTTTTAGAGTTCTTATCAAAAAAAGGGTTTGCGACCTCGATGTTGGACTAAGGTATCCTAAAGGTGTAGAAGCTTTTGATGGTAGGTCTGTTCGACCTTTAAAACCTT"
"CAATGTCTTTTCAGAGCCCTCATCGGCAAAGACGTTTACGACCTCGATGTTGAATTGAAGAACCTACGTGAGGCAGCCCTCACGAAAGGAAGTCTGTTCGACTTTTAATCCTTC","CAATGTCTTTTCAGAGCCCTCATCGGCAAAGACGTTTACGACCTCGATGTTGAATTGAAGAACCTACGTGAGGCAGCCCTCACGAAAGGAAGTCTGTTCGACTTTTAATCCTTC"
"TAATCTCTTTTGAGAGTCCTTATCAAAAAAGGGGGTTGCGACCTCGATGTTGGATTAGGGTATCCCAAGGATGCAGCAGTTCTTAAAGGTTGGTCTGTTCGACCATTAAAACCCT","TAATCTCTTTTGAGAGTCCTTATCAAAAAAGGGGGTTGCGACCTCGATGTTGGATTAGGGTATCCCAAGGATGCAGCAGTTCTTAAAGGTTGGTCTGTTCGACCATTAAAACCCT"
"TTATTTCTTCTGAGAGATCTAATTGAAGAAGAAGATTGCGACCTCGATGCTGGATTAGGATTTCTTGTTGGCGTAGAGGCTGGTTGAGTAGGACTGTTCGTCCTTTAAAATTCT","TTATTTCTTCTGAGAGATCTAATTGAAGAAGAAGATTGCGACCTCGATGCTGGATTAGGATTTCTTGTTGGCGTAGAGGCTGGTTGAGTAGGACTGTTCGTCCTTTAAAATTCT"
"TAATTCTTTTGAGTTTGCGACCTCGATGTTAGACTAGGAATTTAACCGGCTAGCCGCCTGTTAACATTGTTCTGTTCGAGCAGTTTTTCCT","TAATTCTTTTGAGTTTGCGACCTCGATGTTAGACTAGGAATTTAACCGGCTAGCCGCCTGTTAACATTGTTCTGTTCGAGCAGTTTTTCCT"
"CAATTTCTCCCGAAAGATGGTATTGGAGGGGAAGATTGTGACCTCGATGTTGGCTTTAGGTGTCCTGGAGGCGTAAAAGCTTCTAAAGGTGGGTCTGTTCGCCCTTTAAAATCTA","CAATTTCTCCCGAAAGATGGTATTGGAGGGGAAGATTGTGACCTCGATGTTGGCTTTAGGTGTCCTGGAGGCGTAAAAGCTTCTAAAGGTGGGTCTGTTCGCCCTTTAAAATCTA"
"TAATACCTTCAGAGAGATCCTATTGATGAAGGAGGTTGTGACCTCGATGTTGAATTAAAGAAGATTTTCTTTTGTAGAAGAAAGAAGATTAGGTCTGTTCGACCTTTAATGCTTT","TAATACCTTCAGAGAGATCCTATTGATGAAGGAGGTTGTGACCTCGATGTTGAATTAAAGAAGATTTTCTTTTGTAGAAGAAAGAAGATTAGGTCTGTTCGACCTTTAATGCTTT"
"TAATCTTTTCAGAGAGTTCTTATTGAAGAAAAGGATTGCGACCTCGATGTTGACTTGCTTTTTCCTTTTAAGGTGTAGACGCTAAAAGGGTTGGTCTGTTCGACCATTAAAATAGT","TAATCTTTTCAGAGAGTTCTTATTGAAGAAAAGGATTGCGACCTCGATGTTGACTTGCTTTTTCCTTTTAAGGTGTAGACGCTAAAAGGGTTGGTCTGTTCGACCATTAAAATAGT"
"TAATTTTTTTTAAGAGCCCATATCTACAAAAAAGTTTGCGACCTCGATGTTGCCTTAGGATACCCCAAAGGTGCAGCAACTTTTAACGGTTGGTCTGTTAGCCCATTAAAATCCCT","TAATTTTTTTTAAGAGCCCATATCTACAAAAAAGTTTGCGACCTCGATGTTGCCTTAGGATACCCCAAAGGTGCAGCAACTTTTAACGGTTGGTCTGTTAGCCCATTAAAATCCCT"
"TAATCTTTTTTGAGAGTTCTAATCGACAAAAAGGTTTGCGACCTCGATGTTGGACTAAAATTTAGGCAGGGTGCAGCAGTGCTGCTTTTAGGTCTGTTCGACCTATAATATTTT","TAATCTTTTTTGAGAGTTCTAATCGACAAAAAGGTTTGCGACCTCGATGTTGGACTAAAATTTAGGCAGGGTGCAGCAGTGCTGCTTTTAGGTCTGTTCGACCTATAATATTTT"
"TAATCCTCTTTGCAAGTTCATATTAAAAAGAGATTTTGCGACCTCGATGTTGGACTAAAATATCCTAAAGATGCAGAAGTCTTTAAGGGTTGGAGCGTTCTCCCATTAAAATTTT","TAATCCTCTTTGCAAGTTCATATTAAAAAGAGATTTTGCGACCTCGATGTTGGACTAAAATATCCTAAAGATGCAGAAGTCTTTAAGGGTTGGAGCGTTCTCCCATTAAAATTTT"
"TAATTTTTTTGGAGAGTTCATATTGATAAAAAAGTTTGCGACCTCGATGTTGGATCGAGATTTCCTAGAGATGCAGCAGTTTCTAAGGGTTGGTCTGTTCGACCATTAAAATCTT","TAATTTTTTTGGAGAGTTCATATTGATAAAAAAGTTTGCGACCTCGATGTTGGATCGAGATTTCCTAGAGATGCAGCAGTTTCTAAGGGTTGGTCTGTTCGACCATTAAAATCTT"
"CAACCTCCTTGGATAGCCCACATTGATAAGTACTCTTGTGACCTCGATGTTGAATTACAGGTACTAATTGGTGAAGCAGCCTTTGTAGACAGTCTGTTCGACTAATAACCCCTTT","CAACCTCCTTGGATAGCCCACATTGATAAGTACTCTTGTGACCTCGATGTTGAATTACAGGTACTAATTGGTGAAGCAGCCTTTGTAGACAGTCTGTTCGACTAATAACCCCTTT"
"TTAAATAATTTTAAGTTCTTATTTAAATTTTTTCTTACGACCTCGATGTTGAATTAAGAAATGTAGTAGTGTAGAAGCTAATTATATGAAGTCTGTTCGACTTGAGTTTTCTT","TTAAATAATTTTAAGTTCTTATTTAAATTTTTTCTTACGACCTCGATGTTGAATTAAGAAATGTAGTAGTGTAGAAGCTAATTATATGAAGTCTGTTCGACTTGAGTTTTCTT"
"TCATTTTTCTTTATAGTCCAAATTGAAAGAAAAGTTTACGACCTCGATGTTGGATTAAGGTGACCAGGGGGCGTAGGGGCTCCCTAAGGTTGGTTTGTTCGCCCATAAAAACCCTT","TCATTTTTCTTTATAGTCCAAATTGAAAGAAAAGTTTACGACCTCGATGTTGGATTAAGGTGACCAGGGGGCGTAGGGGCTCCCTAAGGTTGGTTTGTTCGCCCATAAAAACCCTT"
"CAAGATAACCCGAGAGATCTTATCGAAGGTTGTATTTGTGACCTCGATGTTGGATTAGAGCAGACCTCTTGGCGTAGAAGTTAAGATAGGTGGGACTGTTCGTCCCTTAATTCTCT","CAAGATAACCCGAGAGATCTTATCGAAGGTTGTATTTGTGACCTCGATGTTGGATTAGAGCAGACCTCTTGGCGTAGAAGTTAAGATAGGTGGGACTGTTCGTCCCTTAATTCTCT"
"TAATTCTTTATGAGCTTGCGACCTCGATGTCGGACTAGGAATTTGGCAGGCTAGCCGCCTATTTATATTGTTCTGTTCGAACTATTTTTCCT","TAATTCTTTATGAGCTTGCGACCTCGATGTCGGACTAGGAATTTGGCAGGCTAGCCGCCTATTTATATTGTTCTGTTCGAACTATTTTTCCT"
"TAATTCTTTTTAAGAGATCTTATTGAGGGAAGAGTTTGCGACCTCGATGTTGGATTAGAAAAACTTTTTGGTGTAGCAGCTAGAAGTTGTAAGACTGTTCGTCTTTTAATTTTCT","TAATTCTTTTTAAGAGATCTTATTGAGGGAAGAGTTTGCGACCTCGATGTTGGATTAGAAAAACTTTTTGGTGTAGCAGCTAGAAGTTGTAAGACTGTTCGTCTTTTAATTTTCT"
"TCATCCCTTTTTAGAGATCAAATCAAGAAAGGGGCTTGCGACCTCGATGTTGGATTAGAGGTTCCTTTTGGTGCAGAAGCTAAAATGGAGAGACTGTTCGTCTTTTAATTCTCT","TCATCCCTTTTTAGAGATCAAATCAAGAAAGGGGCTTGCGACCTCGATGTTGGATTAGAGGTTCCTTTTGGTGCAGAAGCTAAAATGGAGAGACTGTTCGTCTTTTAATTCTCT"
"TAAAAACTTTTATAGTTCTTATAGAATAAGTTATTTGTGACCTCGATGTTGAATTAAGAAAAAAGCTAAATGGAGAAATTTAAGCGAGACTATCTGTTCGATAGATAAATTCTT","TAAAAACTTTTATAGTTCTTATAGAATAAGTTATTTGTGACCTCGATGTTGAATTAAGAAAAAAGCTAAATGGAGAAATTTAAGCGAGACTATCTGTTCGATAGATAAATTCTT"
"CAATGTTCTTATTAAGCACTAATTTGAGAGGGCGATTGCGACCTCGATGTTGAATCAGGGTATCTACCAGGTGTAGCAGCTTGGTAAGTGGGACTGTTCGTCCTTTGAAACCTT","CAATGTTCTTATTAAGCACTAATTTGAGAGGGCGATTGCGACCTCGATGTTGAATCAGGGTATCTACCAGGTGTAGCAGCTTGGTAAGTGGGACTGTTCGTCCTTTGAAACCTT"
"CAATCATTTTGAAAAGGCCATATTTAAGGAGTGGTTTGCGACCTCGATGTTGAATCAAAATTTCTACTTGGTGTAGCAGCTAAGTTAGTGGGACTGTTCGTCCTTTAAAATTTT","CAATCATTTTGAAAAGGCCATATTTAAGGAGTGGTTTGCGACCTCGATGTTGAATCAAAATTTCTACTTGGTGTAGCAGCTAAGTTAGTGGGACTGTTCGTCCTTTAAAATTTT"
"TAATTTTTTTGGAGAGTTCATATTGATAAAAAAGTTTGCGACCTCGATGTTGGATCGAGATTTCCTGGAGATGCAGCAGTTTCCAAGGGTTGGTCTGTTCGACCATTAAAATCTT","TAATTTTTTTGGAGAGTTCATATTGATAAAAAAGTTTGCGACCTCGATGTTGGATCGAGATTTCCTGGAGATGCAGCAGTTTCCAAGGGTTGGTCTGTTCGACCATTAAAATCTT"
"TTATTTTTCTTTATAGTCCAAATTGAAAGAAAAGTTTACGACCTCGATGTTGGATTAAGGTGACCAGGGGGCGTAGGGGCTCCCTAAGGTTGGTTTGTTCGCCCATAAAAACCCTT","TTATTTTTCTTTATAGTCCAAATTGAAAGAAAAGTTTACGACCTCGATGTTGGATTAAGGTGACCAGGGGGCGTAGGGGCTCCCTAAGGTTGGTTTGTTCGCCCATAAAAACCCTT"
"CAATCCTATTCTAGAATCCATATCGACAACAGGATTTACAACTTTGATGTTGGATCAGGACATCCTAATGGTGTAGCCGCTATTAAGCGTTCATTTGATTAAAGTCCT","CAATCCTATTCTAGAATCCATATCGACAACAGGATTTACAACTTTGATGTTGGATCAGGACATCCTAATGGTGTAGCCGCTATTAAGCGTTCATTTGATTAAAGTCCT"
"TAATCTTTTTGGAGAGTTCTAATCGATAAAAAGGTTTGCGACCTCGATGTTGGATTAAGAAATTGGCAAGGTGCAGAAGTTTTGTTGGAAAGTCTGTTCGACTTTTAATTTCTT","TAATCTTTTTGGAGAGTTCTAATCGATAAAAAGGTTTGCGACCTCGATGTTGGATTAAGAAATTGGCAAGGTGCAGAAGTTTTGTTGGAAAGTCTGTTCGACTTTTAATTTCTT"
"TAATCTTTTTTAAGAGTTCTTATCGAAAAATAGGTTTGTGACCTCGATGTTGGACTAGAATATCCTGATAGATGCAGCTGTCTTCAAGGGTTGGTCTGTTCGACCATTAAAATTCT","TAATCTTTTTTAAGAGTTCTTATCGAAAAATAGGTTTGTGACCTCGATGTTGGACTAGAATATCCTGATAGATGCAGCTGTCTTCAAGGGTTGGTCTGTTCGACCATTAAAATTCT"
"TTATAATTAATAAAGTTTATATTAAATTAATTGTTTGCGACCTCGATGTTGAATTGCGGAGTGCTGATAGAGTAGAATTTATCAAGCTACGGGTCTGTTCGACCCTTTTACCCGC","TTATAATTAATAAAGTTTATATTAAATTAATTGTTTGCGACCTCGATGTTGAATTGCGGAGTGCTGATAGAGTAGAATTTATCAAGCTACGGGTCTGTTCGACCCTTTTACCCGC"
"TAATTTTTTTTAAGAGCCCATATCTACAAGAAAGTTTGCGACCTCGATGTTGCCTTAGGATACCCAGAAGGTGCAGCAACTTTCAAAGGTTGGTCTGTTAGCCCATTAAAATCCCT","TAATTTTTTTTAAGAGCCCATATCTACAAGAAAGTTTGCGACCTCGATGTTGCCTTAGGATACCCAGAAGGTGCAGCAACTTTCAAAGGTTGGTCTGTTAGCCCATTAAAATCCCT"
"TGCCTGTTAAAATAGTTCATATAAAAATAACAGATAACGGCCTCGATGTTGAATTAAGTAATCCTAAAATAGAAAAAGATTTTAAGGAAGGGTCTGTTCGACCCATAGCTACTT","TGCCTGTTAAAATAGTTCATATAAAAATAACAGATAACGGCCTCGATGTTGAATTAAGTAATCCTAAAATAGAAAAAGATTTTAAGGAAGGGTCTGTTCGACCCATAGCTACTT"
"TGCCTGTTAAAATAGTTCATATAAAAATAACAGATAACAGCGCAATTTCTCCCGAAAGATGGTATTGGAGGGGAAGATTGCGACCTCGATGTTGGCTTTAGATATCCTAGAGGCGTAGAAGCTTCTAATGGTGGGTCTGTTCGCCCTTTAAAATCTA","TGCCTGTTAAAATAGTTCATATAAAAATAACAGATAACAGCGCAATTTCTCCCGAAAGATGGTATTGGAGGGGAAGATTGCGACCTCGATGTTGGCTTTAGATATCCTAGAGGCGTAGAAGCTTCTAATGGTGGGTCTGTTCGCCCTTTAAAATCTA"
"TTATGATTAATAAAGTTCTTATTGAATTAATTGTTTGCGACCTCGATGTTGAATTGCGGATTAGTAGTAAAGTAGAAATTACTATTGAAGGGTCTGTTCGACCCCCTGGCCGC","TTATGATTAATAAAGTTCTTATTGAATTAATTGTTTGCGACCTCGATGTTGAATTGCGGATTAGTAGTAAAGTAGAAATTACTATTGAAGGGTCTGTTCGACCCCCTGGCCGC"
"CAATGTCTTCATTAAGCACATATTTGAGAGGGCGGTTGCGACCTCGATGTTGAATCAGGATTATCTATCAGGTGTAGCAGCTTTGTAAGTGGGACTATTCGTCCTTTAAAATCCT","CAATGTCTTCATTAAGCACATATTTGAGAGGGCGGTTGCGACCTCGATGTTGAATCAGGATTATCTATCAGGTGTAGCAGCTTTGTAAGTGGGACTATTCGTCCTTTAAAATCCT"
"TTATTTTTTTAGAGAGTTCTTATCGATAAAAAAGTTTGCGACCTCGATGTTGGACTAAAATATCCTAATTGTGTAGCAGCTATTGAGGGTGGGTCTGTTCGACCCTTAAAATTTT","TTATTTTTTTAGAGAGTTCTTATCGATAAAAAAGTTTGCGACCTCGATGTTGGACTAAAATATCCTAATTGTGTAGCAGCTATTGAGGGTGGGTCTGTTCGACCCTTAAAATTTT"
