"cluster_id","seq_sum","asv_seq","otu_seq"
"45",7606637,"TAATTCTTTATGAGCTTGCGACCTCGATGTTGGACTAGGAATTTGGTAGGCTAGCCGCCTATTTATATTGTTCTGTTCGAACTATTTTTCCT","TAATTCTTTATGAGCTTGCGACCTCGATGTTGGACTAGGAATTTGGTAGGCTAGCCGCCTATTTATATTGTTCTGTTCGAACTATTTTTCCT"
"52",5352212,"TAATTCTTTTGAGTTTGCGACCTCGATGTTGGACTAGGAATTTAATCGGCTAGCCGCCTGTTAACATTGTTCTGTTCGAACAGTTTTTCCT","TAATTCTTTTGAGTTTGCGACCTCGATGTTGGACTAGGAATTTAATCGGCTAGCCGCCTGTTAACATTGTTCTGTTCGAACAGTTTTTCCT"
"1",2367324,"CAATTTCTCCCGAAAGATGGTATTGGAGGGGAAGATTGCGACCTCGATGTTGGCTTTAGATATCCTAGAGGCGTAGAAGCTTCTAATGGTGGGTCTGTTCGCCCTTTAAAATCTA","CAATTTCTCCCGAAAGATGGTATTGGAGGGGAAGATTGCGACCTCGATGTTGGCTTTAGATATCCTAGAGGCGTAGAAGCTTCTAATGGTGGGTCTGTTCGCCCTTTAAAATCTA"
"20",1174423,"CAATCCTCTTTTAGAGCCCATATCGACAAGAGGGTTTACGACCTCGATGTTGGATCAGGACATCCTAATGGTGCAGCCGCTATTAAGGGTTCGTTTGTTCAACGATTAAAGTCCT","CAATCCTCTTTTAGAGCCCATATCGACAAGAGGGTTTACGACCTCGATGTTGGATCAGGACATCCTAATGGTGCAGCCGCTATTAAGGGTTCGTTTGTTCAACGATTAAAGTCCT"
"32",544007,"TAATCTTTTTTGAGAGTTCTAATCGACAAAAAGGTTTGCGACCTCGATGTTGGACTAAAATTTAGGCAGGGTGCAGCAGTTCTGCTTTTAGGTCTGTTCGACCTATAATATTTT","TAATCTTTTTTGAGAGTTCTAATCGACAAAAAGGTTTGCGACCTCGATGTTGGACTAAAATTTAGGCAGGGTGCAGCAGTTCTGCTTTTAGGTCTGTTCGACCTATAATATTTT"
"6",530659,"CAATCCCTTCTTAGAGCCCATATCGACGAAGGGGTTTACGACCTCGATGTTGGATCAGGACATCCTAATGGTGCAGCCGCTATTAAGGGTTCGTTTGTTCAACGATTAATAGTCCT","CAATCCCTTCTTAGAGCCCATATCGACGAAGGGGTTTACGACCTCGATGTTGGATCAGGACATCCTAATGGTGCAGCCGCTATTAAGGGTTCGTTTGTTCAACGATTAATAGTCCT"
"39",472935,"TAATCTTTTTTGAGAGTTCTAATCGACAAAAAGGTTTGCGACCTCGATGTTGGACTAAAATTTAGATGTGGTGCAGCAGCTACATTTTAGGGTCTGTTCGACCCATAATATTTT","TAATCTTTTTTGAGAGTTCTAATCGACAAAAAGGTTTGCGACCTCGATGTTGGACTAAAATTTAGATGTGGTGCAGCAGCTACATTTTAGGGTCTGTTCGACCCATAATATTTT"
"19",424063,"CAATCCTCTTTTAGAGCCCATATCGACAAGGGGGTTTACGACCTCGATGTTGGATCAGGACATCCTAATGGTGCAGCCGCTATTAAGGGTTCGTTTGTTCAACGATTAAAGTCCT","CAATCCTCTTTTAGAGCCCATATCGACAAGGGGGTTTACGACCTCGATGTTGGATCAGGACATCCTAATGGTGCAGCCGCTATTAAGGGTTCGTTTGTTCAACGATTAAAGTCCT"
"19",401933,"CAATCCCCTTTTAGAGCCCATATCGACAAGGGGGTTTACGACCTCGATGTTGGATCAGGACATCCTAATGGTGCAGCCGCTATTAAGGGTTCGTTTGTTCAACGATTAAAGTCCT","CAATCCTCTTTTAGAGCCCATATCGACAAGGGGGTTTACGACCTCGATGTTGGATCAGGACATCCTAATGGTGCAGCCGCTATTAAGGGTTCGTTTGTTCAACGATTAAAGTCCT"
"12",366573,"CAATTTCTCCCGAAAGATGGTATTGGAGGGGAAGATTGTGACCTCGATGTTGGCTTTAGGTGTCCTAGAGGCGTAAAAGCTTCTAAGGGTGGGTCTGTTCGCCCTTTAAAATCTA","CAATTTCTCCCGAAAGATGGTATTGGAGGGGAAGATTGTGACCTCGATGTTGGCTTTAGGTGTCCTAGAGGCGTAAAAGCTTCTAAGGGTGGGTCTGTTCGCCCTTTAAAATCTA"
"18",266224,"CAATCCTATTCTAGAGTCCATATCAACAATAGGGTTTACGACCTCGATGTTGGATCAGGACATCCCGATGGTGCAGCCGCTATTAAAGGTTCGTTTGTTCAACGATTAAAGTCCT","CAATCCTATTCTAGAGTCCATATCAACAATAGGGTTTACGACCTCGATGTTGGATCAGGACATCCCGATGGTGCAGCCGCTATTAAAGGTTCGTTTGTTCAACGATTAAAGTCCT"
"69",235235,"CAATCCCTTCCCAGAGTCCATATCGACGAAGGGGTTTACGACCTCGATGTTGGATCAGGACATCCTAATGGTGCAGCCGCTATTAAGGGTTCGTTTGTTCAACGATTAAAGTCCT","CAATCCCTTCCCAGAGTCCATATCGACGAAGGGGTTTACGACCTCGATGTTGGATCAGGACATCCTAATGGTGCAGCCGCTATTAAGGGTTCGTTTGTTCAACGATTAAAGTCCT"
"9",183394,"CAACCTCCTTGGATAGCCCACATTGATAAGGACTCTTGTGACCTCGATGTTGAATTACAGGTACTAATTGGTGAAGCAGCCTTTGTAGACAGTCTGTTCGACTAATAACCCCTTT","CAACCTCCTTGGATAGCCCACATTGATAAGGACTCTTGTGACCTCGATGTTGAATTACAGGTACTAATTGGTGAAGCAGCCTTTGTAGACAGTCTGTTCGACTAATAACCCCTTT"
"23",170497,"TAATCTTTTTTTAGAGTTCTTATTGAAAAAAAGGTTTGCGACCTCGATGTTGGACTAAGATATCCTGAAGGTGTAGAAGTTTTCAATGGTTAGTCTGTTCGACTATTAAAATCTT","TAATCTTTTTTTAGAGTTCTTATTGAAAAAAAGGTTTGCGACCTCGATGTTGGACTAAGATATCCTGAAGGTGTAGAAGTTTTCAATGGTTAGTCTGTTCGACTATTAAAATCTT"
"26",156172,"CAATCCTCTCCCAGAGTCCCTATCGACGAGGGGGTTTACGACCTCGATGTTGGATCAGGACATCCTAATGGTGCAGCCGCTATTAAGGGTTCGTTTGTTCAACGATTAAAGTCCT","CAATCCTCTCCCAGAGTCCCTATCGACGAGGGGGTTTACGACCTCGATGTTGGATCAGGACATCCTAATGGTGCAGCCGCTATTAAGGGTTCGTTTGTTCAACGATTAAAGTCCT"
"32",150930,"TAATCTTTTTTGAGAGTTCTAATCGACAAAAAGGTTTGCGACCTCGATGTTGGACTAAAATTTAGGCAGGGTGCAGCAGTTCTGCTTTAAGGTCTGTTCGACCTATAATATTTT","TAATCTTTTTTGAGAGTTCTAATCGACAAAAAGGTTTGCGACCTCGATGTTGGACTAAAATTTAGGCAGGGTGCAGCAGTTCTGCTTTTAGGTCTGTTCGACCTATAATATTTT"
"15",149531,"CAATCCTCTCCCAGAGTCCCTATCGACGAGGGGGTTTACGACCTCGATGTTGGATCAGGACATCCTATTGGTGCAGCCGCTAATAAGGGTTCGTTTGTTCAACGATTAAAGTCCT","CAATCCTCTCCCAGAGTCCCTATCGACGAGGGGGTTTACGACCTCGATGTTGGATCAGGACATCCTATTGGTGCAGCCGCTAATAAGGGTTCGTTTGTTCAACGATTAAAGTCCT"
"51",133927,"TAATTCTTTTGAGTTTGCGACCTCGATGTTGGACTAGGAATTTAACCGGCTAGCCGCCTGTTAACATTGTTCTGTTCGAACAGTTTTTCCT","TAATTCTTTTGAGTTTGCGACCTCGATGTTGGACTAGGAATTTAACCGGCTAGCCGCCTGTTAACATTGTTCTGTTCGAACAGTTTTTCCT"
"37",127026,"TTATACCTTTTTAGAGCCCCTATCGCCAAAGGTGTTTACGACCTCGATGTTGAATTGAAGTACCTATTTTAAGCAGCCTTAAAACAAGGAAGTCTGTTCGACTTTTAATTTTTC","TTATACCTTTTTAGAGCCCCTATCGCCAAAGGTGTTTACGACCTCGATGTTGAATTGAAGTACCTATTTTAAGCAGCCTTAAAACAAGGAAGTCTGTTCGACTTTTAATTTTTC"
"13",111168,"TAATCCTCCCGGCGAGACCACATTAAGGGGAGGGTTTGCGACCTCGATGTTGGCTTAGGGCTTCCTAGAAGTGCAGGGGCTTCTAAGGGTTGGTCTGTTCGACCATTAAAGCCTT","TAATCCTCCCGGCGAGACCACATTAAGGGGAGGGTTTGCGACCTCGATGTTGGCTTAGGGCTTCCTAGAAGTGCAGGGGCTTCTAAGGGTTGGTCTGTTCGACCATTAAAGCCTT"
"25",88914,"TTATCTTTTCTGAGAGTTCATATTGACGAAAAGGTTTGCGACCTCGATGTTGGATCGGGACATCCTAAGGGTGCAGAAGCTTTTAAGGGTTGGTCTGTTCGACCATTAAAGTCCT","TTATCTTTTCTGAGAGTTCATATTGACGAAAAGGTTTGCGACCTCGATGTTGGATCGGGACATCCTAAGGGTGCAGAAGCTTTTAAGGGTTGGTCTGTTCGACCATTAAAGTCCT"
"45",87879,"TAATTCTTTATGAGCTTGCGACCTCGATGTTGGACTAGGAATTTGGTAGGCTAGCCGCCTACTTATATTGTTCTGTTCGAACTATTTTTCCT","TAATTCTTTATGAGCTTGCGACCTCGATGTTGGACTAGGAATTTGGTAGGCTAGCCGCCTATTTATATTGTTCTGTTCGAACTATTTTTCCT"
"50",82898,"TAATTCTTTTTGAGCTTGCGACCTCGATGTTGGACTAGGAATTTGGTAGGCTAGCCGCCTATTTATATTGTTCTGTTCGAACTATTTTTCCT","TAATTCTTTTTGAGCTTGCGACCTCGATGTTGGACTAGGAATTTGGTAGGCTAGCCGCCTATTTATATTGTTCTGTTCGAACTATTTTTCCT"
"17",79683,"TAATCCCTCCTAAGAGCCCGCATTGCCGGAGGGGTTTGCGACCTCGATGTTGGATCGGGGAACCCCGATGGTGCAGCCGCTATCAACGGTTGGTCTGTTCGACCATTAAAACCCC","TAATCCCTCCTAAGAGCCCGCATTGCCGGAGGGGTTTGCGACCTCGATGTTGGATCGGGGAACCCCGATGGTGCAGCCGCTATCAACGGTTGGTCTGTTCGACCATTAAAACCCC"
"43",68501,"TAATTCTTTATGAGCTTGCGACCTCGATGTTGGACTAGGAATTTGGCAGGCTAGCCGCCTATTTATATTGTTCTGTTCGAACTATTTTTCCT","TAATTCTTTATGAGCTTGCGACCTCGATGTTGGACTAGGAATTTGGCAGGCTAGCCGCCTATTTATATTGTTCTGTTCGAACTATTTTTCCT"
"2",49386,"TAATTTGGTTCCCGAAAGATCTTATTAAGGGAAGAGTGTGCGACCTCGATGTTGAATTAAAGGAGCTTTTTGGTTGAAAATGCTAAAAGGGCAAAACTGTTCGTTTTTTAATCCTTT","TAATTTGGTTCCCGAAAGATCTTATTAAGGGAAGAGTGTGCGACCTCGATGTTGAATTAAAGGAGCTTTTTGGTTGAAAATGCTAAAAGGGCAAAACTGTTCGTTTTTTAATCCTTT"
"18",47164,"CAATCCTATTCTAGAGTCCATATCAACAATAGGGTTTACGACCTCGATGTTGGATCAGGACATCCCAATGGTGCAGCCGCTATTAAAGGTTCGTTTGTTCAACGATTAAAGTCCT","CAATCCTATTCTAGAGTCCATATCAACAATAGGGTTTACGACCTCGATGTTGGATCAGGACATCCCGATGGTGCAGCCGCTATTAAAGGTTCGTTTGTTCAACGATTAAAGTCCT"
"52",44989,"TAATTCTTTTAAGTTTGCGACCTCGATGTTGGACTAGGAATTTAATCGGCTAGCCGCCTGTTAACATTGTTCTGTTCGAACAGTTTTTCCT","TAATTCTTTTGAGTTTGCGACCTCGATGTTGGACTAGGAATTTAATCGGCTAGCCGCCTGTTAACATTGTTCTGTTCGAACAGTTTTTCCT"
"46",42944,"TAATTCTTTATGAGCTTGCGACCTCGATGTTGGACTAGGAATTTGGTAGGCTAGCCGCCTGTTTATATTGTTCTGTTCGAACTATTTTTCCT","TAATTCTTTATGAGCTTGCGACCTCGATGTTGGACTAGGAATTTGGTAGGCTAGCCGCCTGTTTATATTGTTCTGTTCGAACTATTTTTCCT"
"45",29440,"TAATTCTTTATGGGCTTGCGACCTCGATGTTGGACTAGGAATTTGGTAGGCTAGCCGCCTATTTATATTGTTCTGTTCGAACTATTTTTCCT","TAATTCTTTATGAGCTTGCGACCTCGATGTTGGACTAGGAATTTGGTAGGCTAGCCGCCTATTTATATTGTTCTGTTCGAACTATTTTTCCT"
"40",28575,"TAATTTTTTCTGAGAGGCCTAATTGAAGAAAAAGCTTGCGACCTCGATGTTGGATTAGGGTTTCTGTTTGGCGTAGGAGCTAAATAAGTAGGACTGTTCGTCCTTTAAAACCCT","TAATTTTTTCTGAGAGGCCTAATTGAAGAAAAAGCTTGCGACCTCGATGTTGGATTAGGGTTTCTGTTTGGCGTAGGAGCTAAATAAGTAGGACTGTTCGTCCTTTAAAACCCT"
"1",27809,"CAATTTCTCCCGAAAGATGTTATTGGAGGGGAAGATTGCGACCTCGATGTTGGCTTTAGATATCCTAGAGGCGTAGAAGCTTCTAATGGTGGGTCTGTTCGCCCTTTAAAATCTA","CAATTTCTCCCGAAAGATGGTATTGGAGGGGAAGATTGCGACCTCGATGTTGGCTTTAGATATCCTAGAGGCGTAGAAGCTTCTAATGGTGGGTCTGTTCGCCCTTTAAAATCTA"
"30",27127,"TGCCTGTTAAAATAGTTCATATAAAAATAACAGATAACGACCTCGATGTTGAATTAAGTAATCCTAAAATAGAAAAAGATTTTAAGGAAGGGTCTGTTCGACCCATAGCTACTT","TGCCTGTTAAAATAGTTCATATAAAAATAACAGATAACGACCTCGATGTTGAATTAAGTAATCCTAAAATAGAAAAAGATTTTAAGGAAGGGTCTGTTCGACCCATAGCTACTT"
"45",27026,"TAATTCTTTATGAGTTTGCGACCTCGATGTTGGACTAGGAATTTGGTAGGCTAGCCGCCTATTTATATTGTTCTGTTCGAACTATTTTTCCT","TAATTCTTTATGAGCTTGCGACCTCGATGTTGGACTAGGAATTTGGTAGGCTAGCCGCCTATTTATATTGTTCTGTTCGAACTATTTTTCCT"
"45",25941,"TAATTCTTTATGAGCTTGCGACCTCGATGTTGGACTAGGAATTTGGTAGGCTAGCCGCCTATTTATATTGCTCTGTTCGAACTATTTTTCCT","TAATTCTTTATGAGCTTGCGACCTCGATGTTGGACTAGGAATTTGGTAGGCTAGCCGCCTATTTATATTGTTCTGTTCGAACTATTTTTCCT"
"11",23833,"CAATTTCTCCCGAAAGATGGTATTGGAGGGGAAGATTGTGACCTCGATGTTGGCTTTAGGTGTCCTAGAGGCGTAAAAGCTTCTAAAGGTGGGTCTGTTCGCCCTTTAAAATCTA","CAATTTCTCCCGAAAGATGGTATTGGAGGGGAAGATTGTGACCTCGATGTTGGCTTTAGGTGTCCTAGAGGCGTAAAAGCTTCTAAAGGTGGGTCTGTTCGCCCTTTAAAATCTA"
"105",22512,"TAATACTTTTATAGAGCTCTTATCGTTAAAAGTGCTTTCGACCTCGATGTTGAATTGAATTCTCTTTATAGAGCAGTCTTTATAAAAGAAAGTCTGTTCGACTTTTAAAAATTC","TAATACTTTTATAGAGCTCTTATCGTTAAAAGTGCTTTCGACCTCGATGTTGAATTGAATTCTCTTTATAGAGCAGTCTTTATAAAAGAAAGTCTGTTCGACTTTTAAAAATTC"
"38",22321,"TTATTTCTTCAGAAAGATCATATTTATGAAGAAGATTGCGACCTCGATGTTGAATTAAAAGATCACTAGGGGGTAGAAAGTCTAGAAGAGGGTTTGTTCAACCTTTAAAATTTT","TTATTTCTTCAGAAAGATCATATTTATGAAGAAGATTGCGACCTCGATGTTGAATTAAAAGATCACTAGGGGGTAGAAAGTCTAGAAGAGGGTTTGTTCAACCTTTAAAATTTT"
"41",21603,"TAATATTTATTAACAAGATCACATTATTAATAAAGAGTACGACCTCGATGTTGAACTAAAGGGAAGCTAATGTATAATCTAGTGTCTATCGTCTGTTCGCCGATTTACCTTT","TAATATTTATTAACAAGATCACATTATTAATAAAGAGTACGACCTCGATGTTGAACTAAAGGGAAGCTAATGTATAATCTAGTGTCTATCGTCTGTTCGCCGATTTACCTTT"
"21",21580,"CAATTTCTCCCGAAAGATGGTATTGGAGGGGAAGATTGCGACCTCGATGTTGGCTTTAGATATCCTAGAGGCGTAGAAGCCTCTAATGGTGGGTCTGTTCGCCCTTTAAAATCTA","CAATTTCTCCCGAAAGATGGTATTGGAGGGGAAGATTGCGACCTCGATGTTGGCTTTAGATATCCTAGAGGCGTAGAAGCCTCTAATGGTGGGTCTGTTCGCCCTTTAAAATCTA"
"9",21534,"CAACCTCCTTGGATAGCCCACATTGATAAGGACTCTTGTGACCTCGATGTTGAATTACAGGTACTAATTGGTGAAGCAGCCTTTGTAAACAGTCTGTTCGACTAATAACCCCTTT","CAACCTCCTTGGATAGCCCACATTGATAAGGACTCTTGTGACCTCGATGTTGAATTACAGGTACTAATTGGTGAAGCAGCCTTTGTAGACAGTCTGTTCGACTAATAACCCCTTT"
"73",19850,"CAATCCTGTTTGAGAGTCCATATCGACAATAGGGTTTACGACCTCGATGTTGGATCAGGACATCCTAATGGTGCAGCAGCTATTAAGGGTTCGTTTGTTCAACGATTAAAGTCCT","CAATCCTGTTTGAGAGTCCATATCGACAATAGGGTTTACGACCTCGATGTTGGATCAGGACATCCTAATGGTGCAGCAGCTATTAAGGGTTCGTTTGTTCAACGATTAAAGTCCT"
"47",18793,"TAATTCTTTATGAGCTTGCGACCTCGATGTTGGACTAGGAATTTGGTAGGCTAGCCGTCTATTTATATTGTTCTGTTCGAACTATTTTTCCT","TAATTCTTTATGAGCTTGCGACCTCGATGTTGGACTAGGAATTTGGTAGGCTAGCCGTCTATTTATATTGTTCTGTTCGAACTATTTTTCCT"
"14",18725,"TTATCTTCTTTTAGAGGACTAATCGAAAAGAAGGTTTGCGACCTCGATGTTGGATTTGGGTATCTGTCTGGTTGCAGGAGCTAGAGGAGTAGGACTGTTCGTCCTTTAAAACTCA","TTATCTTCTTTTAGAGGACTAATCGAAAAGAAGGTTTGCGACCTCGATGTTGGATTTGGGTATCTGTCTGGTTGCAGGAGCTAGAGGAGTAGGACTGTTCGTCCTTTAAAACTCA"
"97",18624,"TAATTTTCTTTGAGAGCTCTTATCTACAAGAAAGATTGCGACCTCGATGTTGAATTAAAATTTCTTTAAGGTGTAGCAGCTTTAATAGAAGGTCTGTTCGACCTTTAAATTTTT","TAATTTTCTTTGAGAGCTCTTATCTACAAGAAAGATTGCGACCTCGATGTTGAATTAAAATTTCTTTAAGGTGTAGCAGCTTTAATAGAAGGTCTGTTCGACCTTTAAATTTTT"
"57",17952,"TAATCTTTTTGGAGAGTTCTTATCGATAAAAAGGTTTGCGACCTCGATGTTGGATTAAGAAATTAGCAAGGTGCAGAAGTTTTGTTGGAAAGTCTGTTCGACTTTTGATTTCTT","TAATCTTTTTGGAGAGTTCTTATCGATAAAAAGGTTTGCGACCTCGATGTTGGATTAAGAAATTAGCAAGGTGCAGAAGTTTTGTTGGAAAGTCTGTTCGACTTTTGATTTCTT"
"29",17455,"CAATCCCCTCTTAGAGCCCATATCGACGAGGGGGTTTACGACCTCGATGTTGGATCAGGACATCCTAATGGTGCAGCCGCTATTAAGGGTTCGTTTGTTCAACGATTAAAGTCCT","CAATCCCCTCTTAGAGCCCATATCGACGAGGGGGTTTACGACCTCGATGTTGGATCAGGACATCCTAATGGTGCAGCCGCTATTAAGGGTTCGTTTGTTCAACGATTAAAGTCCT"
"52",17408,"TAATTCCTTTGAGTTTGCGACCTCGATGTTGGACTAGGAATTTAATCGGCTAGCCGCCTGTTAACATTGTTCTGTTCGAACAGTTTTTCCT","TAATTCTTTTGAGTTTGCGACCTCGATGTTGGACTAGGAATTTAATCGGCTAGCCGCCTGTTAACATTGTTCTGTTCGAACAGTTTTTCCT"
"1",16288,"CAATTTCTCCCGAAAGATGGTATTGGAGGGGAAGATTGCGACCTCGATGTTGGCTTTAGATATCCTAGAGGCGTAGAAGCTTCTAATGGTGGGTCTGTTCGCCCCTTAAAATCTA","CAATTTCTCCCGAAAGATGGTATTGGAGGGGAAGATTGCGACCTCGATGTTGGCTTTAGATATCCTAGAGGCGTAGAAGCTTCTAATGGTGGGTCTGTTCGCCCTTTAAAATCTA"
"29",15234,"CAATCTCCTCTTAGAGCCCATATCGACGAGGGGGTTTACGACCTCGATGTTGGATCAGGACATCCTAATGGTGCAGCCGCTATTAAGGGTTCGTTTGTTCAACGATTAAAGTCCT","CAATCCCCTCTTAGAGCCCATATCGACGAGGGGGTTTACGACCTCGATGTTGGATCAGGACATCCTAATGGTGCAGCCGCTATTAAGGGTTCGTTTGTTCAACGATTAAAGTCCT"
"104",14405,"TTATTTTTTCTAAGAGACCTAATTGAAGAAAAAGTTTTCGACCTCGATGTTGGATTAAGGTTTCTTTTGGGCGCAGTTGTTCAAATAGTAAGATTGTTCATCTTTTAAAACTTT","TTATTTTTTCTAAGAGACCTAATTGAAGAAAAAGTTTTCGACCTCGATGTTGGATTAAGGTTTCTTTTGGGCGCAGTTGTTCAAATAGTAAGATTGTTCATCTTTTAAAACTTT"
"8",13954,"TAATTTTTCTTTATAGTCCGCATTGAAAGAGAAGATTGCGACCTCGATGTTGGATTAAGGTGACCAGAGGGCGTAGGGGCCCTCTAAGGTTGGTTTGTTCGCCCATAAAAACCCTT","TAATTTTTCTTTATAGTCCGCATTGAAAGAGAAGATTGCGACCTCGATGTTGGATTAAGGTGACCAGAGGGCGTAGGGGCCCTCTAAGGTTGGTTTGTTCGCCCATAAAAACCCTT"
"28",13111,"CAATCCCCTTTTAGAGCCCCTATCGACAAGGGGGTTTACGACCTCGATGTTGGATCAGGACATCCTAATGGTGCAACCGCTATTAAGGGTTCGTTTGTTCAACGATTAAAGTCCT","CAATCCCCTTTTAGAGCCCCTATCGACAAGGGGGTTTACGACCTCGATGTTGGATCAGGACATCCTAATGGTGCAACCGCTATTAAGGGTTCGTTTGTTCAACGATTAAAGTCCT"
"109",12986,"TAATCTTCCTTGATAGTTCTTATAGATGGGGGGGTTTGCGACCTCGATGTTGGCTCTGGGTATCCTGAGGCTTGCAGGCGGTCTCAAGGGTTGGTTCGTTCGCCCATTAAAACCCG","TAATCTTCCTTGATAGTTCTTATAGATGGGGGGGTTTGCGACCTCGATGTTGGCTCTGGGTATCCTGAGGCTTGCAGGCGGTCTCAAGGGTTGGTTCGTTCGCCCATTAAAACCCG"
"45",12983,"TAATTCTTTATGAGCTTGCGACCTCGATGTTGGACTAGGAATTTGGTTGGCTAGCCGCCTATTTATATTGTTCTGTTCGAACTATTTTTCCT","TAATTCTTTATGAGCTTGCGACCTCGATGTTGGACTAGGAATTTGGTAGGCTAGCCGCCTATTTATATTGTTCTGTTCGAACTATTTTTCCT"
"49",12708,"TAATTCTTTATGAGCTTGCGACCTCGATGTTGGACTAGGAATTTGGTGGGCTAGCCGCCTATTTATATTGTTCTGTTCGAACTATTTTTCCT","TAATTCTTTATGAGCTTGCGACCTCGATGTTGGACTAGGAATTTGGTGGGCTAGCCGCCTATTTATATTGTTCTGTTCGAACTATTTTTCCT"
"48",12113,"TAATTCTTTATGAGCTTGCGACCTCGATGTTGGACTAGGAATTTGGTAGGCTAGCCGCCTATTTATATTGTCCTGTTCGAACTATTTTTCCT","TAATTCTTTATGAGCTTGCGACCTCGATGTTGGACTAGGAATTTGGTAGGCTAGCCGCCTATTTATATTGTCCTGTTCGAACTATTTTTCCT"
"102",11696,"TAATTTTTTTTATGAGTTCTTATTAAAAAAAAAGATTGCGACCTCGATGTTGACTTATGGTTTCCTTTTGGTGCAGTAGCTATTAGGGTGGGTCTGTTCGACCTTTAAAACCTT","TAATTTTTTTTATGAGTTCTTATTAAAAAAAAAGATTGCGACCTCGATGTTGACTTATGGTTTCCTTTTGGTGCAGTAGCTATTAGGGTGGGTCTGTTCGACCTTTAAAACCTT"
"123",11002,"TGCAGCACAATCTAGTGTGTAACGACCTCGATGTTGAATTAAAGCTCCTTGCCCCCAGCCGGGGCTATGGTGAAGTCTGTTCGACTTGATGCTTT","TGCAGCACAATCTAGTGTGTAACGACCTCGATGTTGAATTAAAGCTCCTTGCCCCCAGCCGGGGCTATGGTGAAGTCTGTTCGACTTGATGCTTT"
"45",10980,"TAATTCTTTATGAGCTTGCGACCTCGATGTTGGACTAGGAATTTGGTAGGCTAGCCGCCTATTTACATTGTTCTGTTCGAACTATTTTTCCT","TAATTCTTTATGAGCTTGCGACCTCGATGTTGGACTAGGAATTTGGTAGGCTAGCCGCCTATTTATATTGTTCTGTTCGAACTATTTTTCCT"
"45",10307,"TAATTCCTTATGAGCTTGCGACCTCGATGTTGGACTAGGAATTTGGTAGGCTAGCCGCCTATTTATATTGTTCTGTTCGAACTATTTTTCCT","TAATTCTTTATGAGCTTGCGACCTCGATGTTGGACTAGGAATTTGGTAGGCTAGCCGCCTATTTATATTGTTCTGTTCGAACTATTTTTCCT"
"45",10108,"TAATTCTTTATGAGCTTGCGACCTCGATGTTGGACTAGGAATTTGGTAGGCTAGCCGCCTATTTATATTGTTCTGTTCGAACTATCTTTCCT","TAATTCTTTATGAGCTTGCGACCTCGATGTTGGACTAGGAATTTGGTAGGCTAGCCGCCTATTTATATTGTTCTGTTCGAACTATTTTTCCT"
"1",9859,"CAATTTCTCCCGAAAGATGGTATTGGAGGGGAAGATTGCGACCTCGATGTTGGCTTTAGATATCCTAGAGGCGTAGAGGCTTCTAATGGTGGGTCTGTTCGCCCTTTAAAATCTA","CAATTTCTCCCGAAAGATGGTATTGGAGGGGAAGATTGCGACCTCGATGTTGGCTTTAGATATCCTAGAGGCGTAGAAGCTTCTAATGGTGGGTCTGTTCGCCCTTTAAAATCTA"
"33",9514,"TTATTTCTTCTGAGAGATCTAATTGAAGAAGAAGATTGCGACCTCGATGTTGGATTAGGATTTCTTGTTGGCGTAGAGGCTAGTTGAGTAGGACTGTTCGTCCTTTAAAATTCT","TTATTTCTTCTGAGAGATCTAATTGAAGAAGAAGATTGCGACCTCGATGTTGGATTAGGATTTCTTGTTGGCGTAGAGGCTAGTTGAGTAGGACTGTTCGTCCTTTAAAATTCT"
"16",9410,"TTATCTTTTTTTAGAGAACTAATCGAAAAAAAGGTTTGCGACCTCGATGTTGGATTTGGGTAGCCATTTGGTTGTAGGGGCTAAAAGGGTAGGACTGTTCGTCCTTTAAAACTCA","TTATCTTTTTTTAGAGAACTAATCGAAAAAAAGGTTTGCGACCTCGATGTTGGATTTGGGTAGCCATTTGGTTGTAGGGGCTAAAAGGGTAGGACTGTTCGTCCTTTAAAACTCA"
"48",9299,"TAATTCTTTATGATCTTGCGACCTCGATGTTGGACTAGGAATTTGGTAGGCTAGCCGCCTATTTATATTGTTCTGTTCGAACTATTTTTCCT","TAATTCTTTATGAGCTTGCGACCTCGATGTTGGACTAGGAATTTGGTAGGCTAGCCGCCTATTTATATTGTCCTGTTCGAACTATTTTTCCT"
"68",9183,"TTATTTTTCTTTATAGTCCGTATAGAAAGAAAAGATTGCGACCTCGATGTTGGATTAAGGTGTCCTGAAGGTGTAGAAGCCTTTTAGGGTTGGTCTGTTCGCCCATAAAAACCCTT","TTATTTTTCTTTATAGTCCGTATAGAAAGAAAAGATTGCGACCTCGATGTTGGATTAAGGTGTCCTGAAGGTGTAGAAGCCTTTTAGGGTTGGTCTGTTCGCCCATAAAAACCCTT"
"45",9147,"TAATTCTCTATGAGCTTGCGACCTCGATGTTGGACTAGGAATTTGGTAGGCTAGCCGCCTATTTATATTGTTCTGTTCGAACTATTTTTCCT","TAATTCTTTATGAGCTTGCGACCTCGATGTTGGACTAGGAATTTGGTAGGCTAGCCGCCTATTTATATTGTTCTGTTCGAACTATTTTTCCT"
"44",9134,"TAATTCTTTATGAGCTTGCGACCTCGATGTTGGACTAGGAATTTGGTAGGCTAGCCGCCCATTTATATTGTTCTGTTCGAACTATTTTTCCT","TAATTCTTTATGAGCTTGCGACCTCGATGTTGGACTAGGAATTTGGTAGGCTAGCCGCCCATTTATATTGTTCTGTTCGAACTATTTTTCCT"
"45",9055,"TAATTCTTTATGAGCTTGCGACCTCGATGTTGGACTAGGAATTTGGTAGGCTAGCCGCCTATTTATATTGTTCTGTTCGAACTATTTTTCCC","TAATTCTTTATGAGCTTGCGACCTCGATGTTGGACTAGGAATTTGGTAGGCTAGCCGCCTATTTATATTGTTCTGTTCGAACTATTTTTCCT"
"12",9025,"CGATTTCTCCCGAAAGATGGTATTGGAGGGGAAGATTGTGACCTCGATGTTGGCTTTAGGTGTCCTAGAGGCGTAAAAGCTTCTAAGGGTGGGTCTGTTCGCCCTTTAAAATCTA","CAATTTCTCCCGAAAGATGGTATTGGAGGGGAAGATTGTGACCTCGATGTTGGCTTTAGGTGTCCTAGAGGCGTAAAAGCTTCTAAGGGTGGGTCTGTTCGCCCTTTAAAATCTA"
"34",8844,"CAATGTCTTTTCAGAGCCCTCATCGGCAAAGACGTTTACGACCTCGATGTTGAATTGAAGAACCTACGTGAAGCAGCCCTCACGAAAGGAAGTCTGTTCGACTTTTAATCCTTC","CAATGTCTTTTCAGAGCCCTCATCGGCAAAGACGTTTACGACCTCGATGTTGAATTGAAGAACCTACGTGAAGCAGCCCTCACGAAAGGAAGTCTGTTCGACTTTTAATCCTTC"
"45",8600,"TAATTCTTTATGAGCTTGCGACCTCGATGTTGGACTAGGAATTTGGTAGGCTAGCCGCCTATTTATATTGTTCTGCTCGAACTATTTTTCCT","TAATTCTTTATGAGCTTGCGACCTCGATGTTGGACTAGGAATTTGGTAGGCTAGCCGCCTATTTATATTGTTCTGTTCGAACTATTTTTCCT"
"52",8378,"TAATCCTTTTGAGTTTGCGACCTCGATGTTGGACTAGGAATTTAATCGGCTAGCCGCCTGTTAACATTGTTCTGTTCGAACAGTTTTTCCT","TAATTCTTTTGAGTTTGCGACCTCGATGTTGGACTAGGAATTTAATCGGCTAGCCGCCTGTTAACATTGTTCTGTTCGAACAGTTTTTCCT"
"22",8354,"CAATTTACTTGGTGAGTTGGTATCTATGGGTAAGTTTGTGACCTCGATGTTGGACTAAGATATCCTTCAAGTGCAGCGGTTTGAAAGGGTTGGTCTGTTCGACCATTAATATCTT","CAATTTACTTGGTGAGTTGGTATCTATGGGTAAGTTTGTGACCTCGATGTTGGACTAAGATATCCTTCAAGTGCAGCGGTTTGAAAGGGTTGGTCTGTTCGACCATTAATATCTT"
"1",8131,"CAATTTCTCCCGAAAGATGGTATTGGAGGGGAAGATTGCGACCTCGATGTTGGCTTTAGATATCCTAGAGGCGTAGAAGCTTCCAATGGTGGGTCTGTTCGCCCTTTAAAATCTA","CAATTTCTCCCGAAAGATGGTATTGGAGGGGAAGATTGCGACCTCGATGTTGGCTTTAGATATCCTAGAGGCGTAGAAGCTTCTAATGGTGGGTCTGTTCGCCCTTTAAAATCTA"
"56",8065,"TAATTCTTTTGAGTTTGCGACCTCGATGTTGGACTAGGAATTTAATCGGCTAGCCGCCTGTTAACATTGTTCTGTTCGAGCAGTTTTTCCT","TAATTCTTTTGAGTTTGCGACCTCGATGTTGGACTAGGAATTTAATCGGCTAGCCGCCTGTTAACATTGTTCTGTTCGAGCAGTTTTTCCT"
"45",7637,"TAATTCTTTATGAGCTTGCGACCTCGATGTTGGACTAGGAATTTGGTAGGCTAGTCGCCTATTTATATTGTTCTGTTCGAACTATTTTTCCT","TAATTCTTTATGAGCTTGCGACCTCGATGTTGGACTAGGAATTTGGTAGGCTAGCCGCCTATTTATATTGTTCTGTTCGAACTATTTTTCCT"
"28",7488,"CAATCCCCTTTTAGAGCCCCTATCGACAAGGGGGTTTACGACCTCGATGTTGGATCAGGACATCCTAATGGTGCAACCGCTATTGAGGGTTCGTTTGTTCAACGATTAAAGTCCT","CAATCCCCTTTTAGAGCCCCTATCGACAAGGGGGTTTACGACCTCGATGTTGGATCAGGACATCCTAATGGTGCAACCGCTATTAAGGGTTCGTTTGTTCAACGATTAAAGTCCT"
"96",7103,"TAATCTTCCCCGAGAGTTCTTATCTACAGGAAGGATTGCGACCTCGATGTTGGACTAGGATATCCCGAAGGTGCAGCAGCTTTCAAGGGTAGGTCTGTTCGACCTTTAAAATCCT","TAATCTTCCCCGAGAGTTCTTATCTACAGGAAGGATTGCGACCTCGATGTTGGACTAGGATATCCCGAAGGTGCAGCAGCTTTCAAGGGTAGGTCTGTTCGACCTTTAAAATCCT"
"65",6958,"TAATTTTTTTGGAGAGTTCAAATCGATAAAAAAGATTGCGACCTCGATGTTGGACTAAGAATTATTTTAGGTGTAGAAGTTTAAATTTTAAGTCTGTTCGACTTTTAAATTCTT","TAATTTTTTTGGAGAGTTCAAATCGATAAAAAAGATTGCGACCTCGATGTTGGACTAAGAATTATTTTAGGTGTAGAAGTTTAAATTTTAAGTCTGTTCGACTTTTAAATTCTT"
"1",6344,"CAATTTCTCCCGAAAGATGGTATTGGAGGGGAAGATTGCGACCTCGATGTTGGCTTTAGATATCCTAGAGGCGTAGAAGCTTTTAATGGTGGGTCTGTTCGCCCTTTAAAATCTA","CAATTTCTCCCGAAAGATGGTATTGGAGGGGAAGATTGCGACCTCGATGTTGGCTTTAGATATCCTAGAGGCGTAGAAGCTTCTAATGGTGGGTCTGTTCGCCCTTTAAAATCTA"
"45",5966,"TAATTCTTTATGAGCTTGCGACCTCGATGTTGGACTAGGAATTTGGTAGGCTAGCCGCCTATTTATACTGTTCTGTTCGAACTATTTTTCCT","TAATTCTTTATGAGCTTGCGACCTCGATGTTGGACTAGGAATTTGGTAGGCTAGCCGCCTATTTATATTGTTCTGTTCGAACTATTTTTCCT"
"45",5858,"TAATTCTTTATGAGCTTGCGACCTCGATGTTGGACTAGGAATTTGGTAGGCTAGCCGCCTATTTATATTGTTCTGTTCGAACCATTTTTCCT","TAATTCTTTATGAGCTTGCGACCTCGATGTTGGACTAGGAATTTGGTAGGCTAGCCGCCTATTTATATTGTTCTGTTCGAACTATTTTTCCT"
"78",5716,"CAATGTTTTTTTAGAGCCCTCATCGGCAAAAGCGTTTACGACCTCGATGTTGAATTGAAGAACCTCCGCAGAGCAGCCCTTGCGAAAGGAAGTCTGTTCGACTTTTTATCCTTC","CAATGTTTTTTTAGAGCCCTCATCGGCAAAAGCGTTTACGACCTCGATGTTGAATTGAAGAACCTCCGCAGAGCAGCCCTTGCGAAAGGAAGTCTGTTCGACTTTTTATCCTTC"
"27",5522,"CAATTTCTCCCGAAAGATGGTATTGGAGGGGAAGATTGCGACCTCGATGTTGGCTTTAGATGTCCTAGAGGCGTAGAAGCTTCTAATGGTGGGTCTGTTCGCCCTTTAAAATCTA","CAATTTCTCCCGAAAGATGGTATTGGAGGGGAAGATTGCGACCTCGATGTTGGCTTTAGATGTCCTAGAGGCGTAGAAGCTTCTAATGGTGGGTCTGTTCGCCCTTTAAAATCTA"
"52",5206,"TAATTCTTTTGAGTTTGCGACCTCGATGTTGGACTAGGAATTTAATCGGCTAGCCGCCTGTTAACATTGTCCTGTTCGAACAGTTTTTCCT","TAATTCTTTTGAGTTTGCGACCTCGATGTTGGACTAGGAATTTAATCGGCTAGCCGCCTGTTAACATTGTTCTGTTCGAACAGTTTTTCCT"
"24",5111,"CAATTTCTCCCGAAAGATGGTATTGGAGGGGAAGATTGCGACCTCGATGTTGGCTTTAGATACCCTAGAGGCGTAGAAGCTTCTAATGGTGGGTCTGTTCGCCCTTTAAAATCTA","CAATTTCTCCCGAAAGATGGTATTGGAGGGGAAGATTGCGACCTCGATGTTGGCTTTAGATACCCTAGAGGCGTAGAAGCTTCTAATGGTGGGTCTGTTCGCCCTTTAAAATCTA"
"52",5089,"TAATTCTTTTGAGTTTGCGACCTCGATGTTGGACTAGGAATTTAATCGGCTAGCCGCCTATTAACATTGTTCTGTTCGAACAGTTTTTCCT","TAATTCTTTTGAGTTTGCGACCTCGATGTTGGACTAGGAATTTAATCGGCTAGCCGCCTGTTAACATTGTTCTGTTCGAACAGTTTTTCCT"
"87",5064,"CAATCATTTTGGTAAGGCCAAATTTAAGGAATGGTTTGCGACCTCGATGTTGAATCAAAATTTCTACCCGGTGCAGCAATTGGGTTAGTAGGACTGTTCGTCCTTTAAAATTTT","CAATCATTTTGGTAAGGCCAAATTTAAGGAATGGTTTGCGACCTCGATGTTGAATCAAAATTTCTACCCGGTGCAGCAATTGGGTTAGTAGGACTGTTCGTCCTTTAAAATTTT"
"1",4907,"CAATTTCTCCCGAAAGATGGTATTGGAGGGGAAGATTGCGACCTCGATGTTGGCTTTAGATATCCTAGAGGCGTAGAAGCTTCTAATGGTAGGTCTGTTCGCCCTTTAAAATCTA","CAATTTCTCCCGAAAGATGGTATTGGAGGGGAAGATTGCGACCTCGATGTTGGCTTTAGATATCCTAGAGGCGTAGAAGCTTCTAATGGTGGGTCTGTTCGCCCTTTAAAATCTA"
"1",4676,"CAATTTCTCCCGAAAGATGGTATTGGAGGGGAAGATTGCGACCTCGATGTTGGCTTTAGATATCCTAGAGGCGTAGAAGCTTCTAATGGTGGGTCTGTCCGCCCTTTAAAATCTA","CAATTTCTCCCGAAAGATGGTATTGGAGGGGAAGATTGCGACCTCGATGTTGGCTTTAGATATCCTAGAGGCGTAGAAGCTTCTAATGGTGGGTCTGTTCGCCCTTTAAAATCTA"
"1",4618,"CAATTTCTCCCGAAAGATGGTATTGGAGGGGAAGATTGCGACCTCGATGTTGGCTTTAGATATCCTAGAGGCGTAGAAGCTTCTAATGGTGGGTCTGTTTGCCCTTTAAAATCTA","CAATTTCTCCCGAAAGATGGTATTGGAGGGGAAGATTGCGACCTCGATGTTGGCTTTAGATATCCTAGAGGCGTAGAAGCTTCTAATGGTGGGTCTGTTCGCCCTTTAAAATCTA"
"42",4531,"CGACAAATTAAGAGTTCAAATCTAATCTTTTTATAGCGACCTCGATGTTGAATTAGGGACTAGTTACTAGTAGAAAAGTAATTAACGGGACTGTTCGGCCCTTTCCCCT","CGACAAATTAAGAGTTCAAATCTAATCTTTTTATAGCGACCTCGATGTTGAATTAGGGACTAGTTACTAGTAGAAAAGTAATTAACGGGACTGTTCGGCCCTTTCCCCT"
"86",4446,"TTATTTTTTTTGAGAGTTCATATCGAAAAAAAAGTTTGCGACCTCGATGTTGAATTAAAATAATCTTTTTAGTGCAGCCGCTATAGAAGAGGGTCTGTTCGACCTTTAAAATTTT","TTATTTTTTTTGAGAGTTCATATCGAAAAAAAAGTTTGCGACCTCGATGTTGAATTAAAATAATCTTTTTAGTGCAGCCGCTATAGAAGAGGGTCTGTTCGACCTTTAAAATTTT"
"37",4436,"TTATACCTTTTTAGAGCCCCTATCGCCAAAGGTGTTTACGACCTCGATGTTGAATTGAAGTACCTATTTTAAGCAGCCTTAAAATAAGGAAGTCTGTTCGACTTTTAATTTTTC","TTATACCTTTTTAGAGCCCCTATCGCCAAAGGTGTTTACGACCTCGATGTTGAATTGAAGTACCTATTTTAAGCAGCCTTAAAACAAGGAAGTCTGTTCGACTTTTAATTTTTC"
"9",4310,"CAACCCCCTTGGATAGCCCACATTGATAAGGACTCTTGTGACCTCGATGTTGAATTACAGGTACTAATTGGTGAAGCAGCCTTTGTAGACAGTCTGTTCGACTAATAACCCCTTT","CAACCTCCTTGGATAGCCCACATTGATAAGGACTCTTGTGACCTCGATGTTGAATTACAGGTACTAATTGGTGAAGCAGCCTTTGTAGACAGTCTGTTCGACTAATAACCCCTTT"
"55",4271,"TAATTTTTTATGAGCTTGCGACCTCGATGTTGGACTAGGAATTTGGTAGGCTAGCCGCCTATTTATATTGTTCTGTTCGAACTATTTTTCCT","TAATTTTTTATGAGCTTGCGACCTCGATGTTGGACTAGGAATTTGGTAGGCTAGCCGCCTATTTATATTGTTCTGTTCGAACTATTTTTCCT"
"32",4113,"TAATCTTTTTTGAGAGTTCTAATCGACAAAAAGGTTTGCGACCTCGATGTTGGACTAAAATTTAGGCAGGGTGCAGCAGTTCTGCTTTTAGGTCTGTTCGACCCATAATATTTT","TAATCTTTTTTGAGAGTTCTAATCGACAAAAAGGTTTGCGACCTCGATGTTGGACTAAAATTTAGGCAGGGTGCAGCAGTTCTGCTTTTAGGTCTGTTCGACCTATAATATTTT"
"20",4111,"CAATCCTCCTTTAGAGCCCATATCGACAAGAGGGTTTACGACCTCGATGTTGGATCAGGACATCCTAATGGTGCAGCCGCTATTAAGGGTTCGTTTGTTCAACGATTAAAGTCCT","CAATCCTCTTTTAGAGCCCATATCGACAAGAGGGTTTACGACCTCGATGTTGGATCAGGACATCCTAATGGTGCAGCCGCTATTAAGGGTTCGTTTGTTCAACGATTAAAGTCCT"
"44",3992,"TAATTCTTTATGAGCTTGCGACCTCGATGTTGGACTAGGAATTTGGTAGGCTAGCCGCCTATTCATATTGTTCTGTTCGAACTATTTTTCCT","TAATTCTTTATGAGCTTGCGACCTCGATGTTGGACTAGGAATTTGGTAGGCTAGCCGCCCATTTATATTGTTCTGTTCGAACTATTTTTCCT"
"37",3928,"TTATACCTTTTTAGAGCCCCTATCGCCAAAGGTGTTTACGACCTCGATGTTGAATTGAAGTACCTATTTTAAGCAGCCTTAAAACAAGAAAGTCTGTTCGACTTTTAATTTTTC","TTATACCTTTTTAGAGCCCCTATCGCCAAAGGTGTTTACGACCTCGATGTTGAATTGAAGTACCTATTTTAAGCAGCCTTAAAACAAGGAAGTCTGTTCGACTTTTAATTTTTC"
"110",3705,"TAATTTTCTCTTTTAGTTCATATAAAAGAGAGAGTTTGCGACCTCGATGTTGGATTAAGATAAAATTTAAATGTAAAAGTTTAAATTTTTTGATCTGTTCGATCATTAAAATCTT","TAATTTTCTCTTTTAGTTCATATAAAAGAGAGAGTTTGCGACCTCGATGTTGGATTAAGATAAAATTTAAATGTAAAAGTTTAAATTTTTTGATCTGTTCGATCATTAAAATCTT"
"1",3681,"CAATTTCTCCCGAAAGATGGTATTGGAGGGGAAGATTGCGACCTCGATGTTGGCTTTAGATATCCTAGAGGCGTAGAAGCTTCTAATGGTGGGTCCGTTCGCCCTTTAAAATCTA","CAATTTCTCCCGAAAGATGGTATTGGAGGGGAAGATTGCGACCTCGATGTTGGCTTTAGATATCCTAGAGGCGTAGAAGCTTCTAATGGTGGGTCTGTTCGCCCTTTAAAATCTA"
"52",3668,"TAATTCTTTTGAGTTTGCGACCTCGATGTTGGACTAGGAATTTAATCGGCTAGCCGCCTGTTAACATTGTTCTGTTCGAACAGTTTTTCCC","TAATTCTTTTGAGTTTGCGACCTCGATGTTGGACTAGGAATTTAATCGGCTAGCCGCCTGTTAACATTGTTCTGTTCGAACAGTTTTTCCT"
"45",3609,"TAATTCTTTGTGAGCTTGCGACCTCGATGTTGGACTAGGAATTTGGTAGGCTAGCCGCCTATTTATATTGTTCTGTTCGAACTATTTTTCCT","TAATTCTTTATGAGCTTGCGACCTCGATGTTGGACTAGGAATTTGGTAGGCTAGCCGCCTATTTATATTGTTCTGTTCGAACTATTTTTCCT"
"15",3591,"CAATCCTCTCCCAGAGTCCCTATCGACGAGGGGGTTTACGACCTCGATGTTGGATCAGGACATCCTAATGGTGCAGCCGCTAATAAGGGTTCGTTTGTTCAACGATTAAAGTCCT","CAATCCTCTCCCAGAGTCCCTATCGACGAGGGGGTTTACGACCTCGATGTTGGATCAGGACATCCTATTGGTGCAGCCGCTAATAAGGGTTCGTTTGTTCAACGATTAAAGTCCT"
"52",3516,"TAATTCTTTTGAGTTTGCGACCTCGATGTTGGACTAGGAATTTAATCGGCTAGCCGCCTGTTAACATTGTTCTGCTCGAACAGTTTTTCCT","TAATTCTTTTGAGTTTGCGACCTCGATGTTGGACTAGGAATTTAATCGGCTAGCCGCCTGTTAACATTGTTCTGTTCGAACAGTTTTTCCT"
"52",3167,"TAATTCTTTTGAGTTTGCGACCTCGATGTTGGACTAGGAATTTAATCGGCTAGCTGCCTGTTAACATTGTTCTGTTCGAACAGTTTTTCCT","TAATTCTTTTGAGTTTGCGACCTCGATGTTGGACTAGGAATTTAATCGGCTAGCCGCCTGTTAACATTGTTCTGTTCGAACAGTTTTTCCT"
"45",3096,"TAATTCTTTATGAGCTTGTGACCTCGATGTTGGACTAGGAATTTGGTAGGCTAGCCGCCTATTTATATTGTTCTGTTCGAACTATTTTTCCT","TAATTCTTTATGAGCTTGCGACCTCGATGTTGGACTAGGAATTTGGTAGGCTAGCCGCCTATTTATATTGTTCTGTTCGAACTATTTTTCCT"
"93",3071,"TTATTTTTCTTGAGAGTTCATATCGAAAGAAAAGATTGCGACCTCGATGTTGAATTAAAATTTCTAAGTTATTGCAGAAGTCACTTTAGAAGGTCTGTTCGACCTTTAAATTTTT","TTATTTTTCTTGAGAGTTCATATCGAAAGAAAAGATTGCGACCTCGATGTTGAATTAAAATTTCTAAGTTATTGCAGAAGTCACTTTAGAAGGTCTGTTCGACCTTTAAATTTTT"
"1",2857,"CAATTTCTCCCGAAAGATGGTATTGGAGGGGAAGATTGCGACCTCGATGTTAGCTTTAGATATCCTAGAGGCGTAGAAGCTTCTAATGGTGGGTCTGTTCGCCCTTTAAAATCTA","CAATTTCTCCCGAAAGATGGTATTGGAGGGGAAGATTGCGACCTCGATGTTGGCTTTAGATATCCTAGAGGCGTAGAAGCTTCTAATGGTGGGTCTGTTCGCCCTTTAAAATCTA"
"19",2833,"CAATCCTCTTTTAGAGCCCATATCGACAAGGGGGTTTACGACCTCGATGTTGGATCAGGACATCCTGATGGTGCAGCCGCTATTAAGGGTTCGTTTGTTCAACGATTAAAGTCCT","CAATCCTCTTTTAGAGCCCATATCGACAAGGGGGTTTACGACCTCGATGTTGGATCAGGACATCCTAATGGTGCAGCCGCTATTAAGGGTTCGTTTGTTCAACGATTAAAGTCCT"
"52",2779,"TAATTCTTTTGAGTTTGCGACCTCGATGTTGGACTAGGAATTTAATCGGCTAGCCGCCTGTTAACATTGTTCTGTTTGAACAGTTTTTCCT","TAATTCTTTTGAGTTTGCGACCTCGATGTTGGACTAGGAATTTAATCGGCTAGCCGCCTGTTAACATTGTTCTGTTCGAACAGTTTTTCCT"
"53",2772,"TAATCCCCCCTGAGAGTTCGTATTGAAGGGTGGGTTTGCGACCTCGATGTCTGCTTAACGCATCCTCCTGGTGAAGCAGCTGGGAAGGGTAGCACTGTTCGTGCTCTAAGGCGTT","TAATCCCCCCTGAGAGTTCGTATTGAAGGGTGGGTTTGCGACCTCGATGTCTGCTTAACGCATCCTCCTGGTGAAGCAGCTGGGAAGGGTAGCACTGTTCGTGCTCTAAGGCGTT"
"27",2666,"CAATTTCTCCCGAAAGATGGTATTGGAGGGGAAGATTGCGACCTCGATGTTGGCTTTAGATGTCCTAGAGGCGTAGAAGCTTCTAATGGTGGGCCTGTTCGCCCTTTAAAATCTA","CAATTTCTCCCGAAAGATGGTATTGGAGGGGAAGATTGCGACCTCGATGTTGGCTTTAGATGTCCTAGAGGCGTAGAAGCTTCTAATGGTGGGTCTGTTCGCCCTTTAAAATCTA"
"20",2645,"CAATCCTCTTTTAGAGCCCATATCGACAAGAGGGTTTACGACCTCGATGTTGGATCAGGACATCCTAATGGTGCAGCCGCTATTAAGGGTTCGTTTGTTCGACGATTAAAGTCCT","CAATCCTCTTTTAGAGCCCATATCGACAAGAGGGTTTACGACCTCGATGTTGGATCAGGACATCCTAATGGTGCAGCCGCTATTAAGGGTTCGTTTGTTCAACGATTAAAGTCCT"
"1",2626,"CAATTTCTCCCGAAAGATGGTATTGGAGGGGAATATTGCGACCTCGATGTTGGCTTTAGATATCCTAGAGGCGTAGAAGCTTCTAATGGTGGGTCTGTTCGCCCTTTAAAATCTA","CAATTTCTCCCGAAAGATGGTATTGGAGGGGAAGATTGCGACCTCGATGTTGGCTTTAGATATCCTAGAGGCGTAGAAGCTTCTAATGGTGGGTCTGTTCGCCCTTTAAAATCTA"
"84",2620,"TTATTTTTCTTAAGAGTTCTTATTAAAAGAAAAGATTGCGACCTCGATGTTGGACTAAAGTGTCCTGAAGGTGCAGAAGCCTTCAAGGGTTGGTCTGTTCGACCATTAAAACTTT","TTATTTTTCTTAAGAGTTCTTATTAAAAGAAAAGATTGCGACCTCGATGTTGGACTAAAGTGTCCTGAAGGTGCAGAAGCCTTCAAGGGTTGGTCTGTTCGACCATTAAAACTTT"
"52",2529,"TAATTCTTTTGAGTTTGCGACCTCGATGTTGGACTAGGAATTTAATCGGCTAGCCGCCTGTTAACATTGCTCTGTTCGAACAGTTTTTCCT","TAATTCTTTTGAGTTTGCGACCTCGATGTTGGACTAGGAATTTAATCGGCTAGCCGCCTGTTAACATTGTTCTGTTCGAACAGTTTTTCCT"
"12",2333,"CAATTTCTCCCGAAAGATGGTATTGGAGGGGAAGGTTGTGACCTCGATGTTGGCTTTAGGTGTCCTAGAGGCGTAAAAGCTTCTAAGGGTGGGTCTGTTCGCCCTTTAAAATCTA","CAATTTCTCCCGAAAGATGGTATTGGAGGGGAAGATTGTGACCTCGATGTTGGCTTTAGGTGTCCTAGAGGCGTAAAAGCTTCTAAGGGTGGGTCTGTTCGCCCTTTAAAATCTA"
"52",2312,"TAATTCTTTTGAGTTTGCGACCTCGATGTTGGACTAGGAATTTAATCGGCTAGCCGCCTGTTAGCATTGTTCTGTTCGAACAGTTTTTCCT","TAATTCTTTTGAGTTTGCGACCTCGATGTTGGACTAGGAATTTAATCGGCTAGCCGCCTGTTAACATTGTTCTGTTCGAACAGTTTTTCCT"
"23",2286,"TAATCTTTTTTTAGAGTTCTTATTGAAAAAAAGGTTTGCGACCTCGATGCTGGACTAAGATATCCTGAAGGTGTAGAAGTTTTCAATGGTTAGTCTGTTCGACTATTAAAATCTT","TAATCTTTTTTTAGAGTTCTTATTGAAAAAAAGGTTTGCGACCTCGATGTTGGACTAAGATATCCTGAAGGTGTAGAAGTTTTCAATGGTTAGTCTGTTCGACTATTAAAATCTT"
"67",2263,"TTATTTTTCTTTATAGTTCGTATAGAAAGAGAAGATTGCGACCTCGATGTTGGATTAAGGTGTCCTGAAGGTGTAGGAGCCTTCCAGGGTTGGTCTGTTCGTCCATAAAAACCCTT","TTATTTTTCTTTATAGTTCGTATAGAAAGAGAAGATTGCGACCTCGATGTTGGATTAAGGTGTCCTGAAGGTGTAGGAGCCTTCCAGGGTTGGTCTGTTCGTCCATAAAAACCCTT"
"12",2195,"CAATTTCTCCCGAAAGATGGTATTGGAGGGGAAGATTGTGACCTCGATGTTGGCTTTAGGTGTCCTAGAGGCGTAAAAGCTTCTAAGGGTAGGTCTGTTCGCCCTTTAAAATCTA","CAATTTCTCCCGAAAGATGGTATTGGAGGGGAAGATTGTGACCTCGATGTTGGCTTTAGGTGTCCTAGAGGCGTAAAAGCTTCTAAGGGTGGGTCTGTTCGCCCTTTAAAATCTA"
"45",2148,"TAATTCTTTATGAGCTTGCGGCCTCGATGTTGGACTAGGAATTTGGTAGGCTAGCCGCCTATTTATATTGTTCTGTTCGAACTATTTTTCCT","TAATTCTTTATGAGCTTGCGACCTCGATGTTGGACTAGGAATTTGGTAGGCTAGCCGCCTATTTATATTGTTCTGTTCGAACTATTTTTCCT"
"45",2091,"TAATTCTTTATGAGCTTGCGACCTCGATGTTGGACTAGGAGTTTGGTAGGCTAGCCGCCTATTTATATTGTTCTGTTCGAACTATTTTTCCT","TAATTCTTTATGAGCTTGCGACCTCGATGTTGGACTAGGAATTTGGTAGGCTAGCCGCCTATTTATATTGTTCTGTTCGAACTATTTTTCCT"
"45",2032,"TAATTCTTTATGAGCTTGCGACCTCGATGTTGGACTAGGAATTTGGTAGACTAGCCGCCTATTTATATTGTTCTGTTCGAACTATTTTTCCT","TAATTCTTTATGAGCTTGCGACCTCGATGTTGGACTAGGAATTTGGTAGGCTAGCCGCCTATTTATATTGTTCTGTTCGAACTATTTTTCCT"
"1",2021,"CAATTTCTCCCGAAAGATGGTATTGGAGGGGAAGATTGCGACCTCGATGTTGGCTTTAGATATCCTAGAAGCGTAGAAGCTTCTAATGGTGGGTCTGTTCGCCCTTTAAAATCTA","CAATTTCTCCCGAAAGATGGTATTGGAGGGGAAGATTGCGACCTCGATGTTGGCTTTAGATATCCTAGAGGCGTAGAAGCTTCTAATGGTGGGTCTGTTCGCCCTTTAAAATCTA"
"45",2007,"TAATTCTTTATGAGCTTGCGACCTCGATGTTGGACTAGGGATTTGGTAGGCTAGCCGCCTATTTATATTGTTCTGTTCGAACTATTTTTCCT","TAATTCTTTATGAGCTTGCGACCTCGATGTTGGACTAGGAATTTGGTAGGCTAGCCGCCTATTTATATTGTTCTGTTCGAACTATTTTTCCT"
"95",2002,"TAATCCTATCTAAGAGATCTAATCGCAGGTAGGGTTTGCGACCTCGATGTTGGATTAGGGTATCCGGAAGGTGCAGCAGCTTTCAACGGTGGGCCTGTTCGGCCTATAACACCCT","TAATCCTATCTAAGAGATCTAATCGCAGGTAGGGTTTGCGACCTCGATGTTGGATTAGGGTATCCGGAAGGTGCAGCAGCTTTCAACGGTGGGCCTGTTCGGCCTATAACACCCT"
"18",1989,"CAATCCTATTCTAGAGTCCATATCAACAATAGGGTTTACGACCTCGATGTTGGATCAGGACATCCCGATGGTGCAGCCGCTATTAAAGGTTCGTTTATTCAACGATTAAAGTCCT","CAATCCTATTCTAGAGTCCATATCAACAATAGGGTTTACGACCTCGATGTTGGATCAGGACATCCCGATGGTGCAGCCGCTATTAAAGGTTCGTTTGTTCAACGATTAAAGTCCT"
"103",1832,"TAATTTTCTCTGAGAGGACTAATTGAAGAGTTAGATTGCGACCTCGATGTTGGATTAGGGTACCTTTCTGGTGCAGCCGTTAGCAAAGTAAGACTGTTCGTCTTTTAAAACCCT","TAATTTTCTCTGAGAGGACTAATTGAAGAGTTAGATTGCGACCTCGATGTTGGATTAGGGTACCTTTCTGGTGCAGCCGTTAGCAAAGTAAGACTGTTCGTCTTTTAAAACCCT"
"3",1749,"TAATTTAACTTCTTAAAGATTTTATTAAAGAAGGAGTTTGCGACCTCGATGTTGAATTAAAGGAGCTTTTTGGTTGAAGATGCTAAATAAGCAAAACTGTTCGTTTTTTAATGCTTT","TAATTTAACTTCTTAAAGATTTTATTAAAGAAGGAGTTTGCGACCTCGATGTTGAATTAAAGGAGCTTTTTGGTTGAAGATGCTAAATAAGCAAAACTGTTCGTTTTTTAATGCTTT"
"122",1712,"CTAATTCTTTTAAAGCCCACATTAAAATCGCCTTTGTGACCTCGATGTTGAATTAAGACCCAGGAAAGGTGTAGCCGTTTTTCTGATAGGCCTGTTCGGCCTTCCCCTCTT","CTAATTCTTTTAAAGCCCACATTAAAATCGCCTTTGTGACCTCGATGTTGAATTAAGACCCAGGAAAGGTGTAGCCGTTTTTCTGATAGGCCTGTTCGGCCTTCCCCTCTT"
"39",1698,"TAATCTTTTTTGAGAGTTCTAATCGACAAAAAGGTTTGCGACCTCGATGTTGGAATAAAATTTAGATGTGGTGCAGCAGCTACATTTTAGGGTCTGTTCGACCCATAATATTTT","TAATCTTTTTTGAGAGTTCTAATCGACAAAAAGGTTTGCGACCTCGATGTTGGACTAAAATTTAGATGTGGTGCAGCAGCTACATTTTAGGGTCTGTTCGACCCATAATATTTT"
"8",1692,"TAATTTTTCTTTATAGTCCGCATTGAAAGAGAAGATTGCGACCTCGATGTTGGATTAAGGTGACCAGAGGGCGTAGGGGCCCTTTAAGGTTGGTTTGTTCGCCCATAAAAACCCTT","TAATTTTTCTTTATAGTCCGCATTGAAAGAGAAGATTGCGACCTCGATGTTGGATTAAGGTGACCAGAGGGCGTAGGGGCCCTCTAAGGTTGGTTTGTTCGCCCATAAAAACCCTT"
"111",1689,"TAATCTTTTCTTAGAGGACTTATCGAAGAAAGGGTTTGCGACCTCGATGTCGGCTCAACGCTTCCTTTGGGTGTAGGAGCTCAAAAGGGTTGGTATGTTCGCCCATTAATGCGTT","TAATCTTTTCTTAGAGGACTTATCGAAGAAAGGGTTTGCGACCTCGATGTCGGCTCAACGCTTCCTTTGGGTGTAGGAGCTCAAAAGGGTTGGTATGTTCGCCCATTAATGCGTT"
"61",1665,"CAATTTCTCCCGAAAGACGGTATTGGAGGGGAAGATTGTGACCTCGATGTTGGCTTTAGGTGTCCTAGAGGCGTAAAAGCTTCTTAGGGTGGGTCTGTTCGCCCTTTAAAATCTA","CAATTTCTCCCGAAAGACGGTATTGGAGGGGAAGATTGTGACCTCGATGTTGGCTTTAGGTGTCCTAGAGGCGTAAAAGCTTCTTAGGGTGGGTCTGTTCGCCCTTTAAAATCTA"
"39",1656,"TAATCTTTTTTGAGAGTTCTAATCGATAAAAAGGTTTGCGACCTCGATGTTGGACTAAAATTTAGATGTGGTGCAGCAGCTACATTTTAGGGTCTGTTCGACCCATAATATTTT","TAATCTTTTTTGAGAGTTCTAATCGACAAAAAGGTTTGCGACCTCGATGTTGGACTAAAATTTAGATGTGGTGCAGCAGCTACATTTTAGGGTCTGTTCGACCCATAATATTTT"
"52",1594,"TAATTCTTTTGAGTTTGCGACCTCGATGTTGGACTAAGAATTTAATCGGCTAGCCGCCTGTTAACATTGTTCTGTTCGAACAGTTTTTCCT","TAATTCTTTTGAGTTTGCGACCTCGATGTTGGACTAGGAATTTAATCGGCTAGCCGCCTGTTAACATTGTTCTGTTCGAACAGTTTTTCCT"
"19",1547,"CAATCCTCTTTTAGAGCCCATATCGACAAGGGGGTTTACGACCTCGATGTTGGATCAGGACATCCTAATGGTGCAGCCGCTATTAAGGGTTCGTTTGCTCAACGATTAAAGTCCT","CAATCCTCTTTTAGAGCCCATATCGACAAGGGGGTTTACGACCTCGATGTTGGATCAGGACATCCTAATGGTGCAGCCGCTATTAAGGGTTCGTTTGTTCAACGATTAAAGTCCT"
"47",1526,"TAATTCTTTATGAACTTGCGACCTCGATGTTGGACTAGGAATTTGGTAGGCTAGCCGCCTATTTATATTGTTCTGTTCGAACTATTTTTCCT","TAATTCTTTATGAGCTTGCGACCTCGATGTTGGACTAGGAATTTGGTAGGCTAGCCGTCTATTTATATTGTTCTGTTCGAACTATTTTTCCT"
"20",1508,"CAATCCTCTTTTAGAGCCCATATCGACAAGAGGGTTTACGACCTCGATGTTGGATCAGGACATCCTAATGGTGCAGCCGCTATTAAGGGTTCGTTTGTTCAACGATTAAAGTCCC","CAATCCTCTTTTAGAGCCCATATCGACAAGAGGGTTTACGACCTCGATGTTGGATCAGGACATCCTAATGGTGCAGCCGCTATTAAGGGTTCGTTTGTTCAACGATTAAAGTCCT"
"12",1456,"CAATTTCTCCCGAAAGATGGTATTGGAGGGGAAGATTGTGACCTCGATGTTGGCTTTAGGTGTCCTAGGGGCGTAAAAGCTTCTAAGGGTGGGTCTGTTCGCCCTTTAAAATCTA","CAATTTCTCCCGAAAGATGGTATTGGAGGGGAAGATTGTGACCTCGATGTTGGCTTTAGGTGTCCTAGAGGCGTAAAAGCTTCTAAGGGTGGGTCTGTTCGCCCTTTAAAATCTA"
"45",1420,"TAATTCTTTATGAGCTTGCGACCTCGACGTTGGACTAGGAATTTGGTAGGCTAGCCGCCTATTTATATTGTTCTGTTCGAACTATTTTTCCT","TAATTCTTTATGAGCTTGCGACCTCGATGTTGGACTAGGAATTTGGTAGGCTAGCCGCCTATTTATATTGTTCTGTTCGAACTATTTTTCCT"
"26",1385,"CAATCCTCTCCCAGAGTCCCTATCGACGAGGGGGTTTACGACCTCGATGTTGGATCAGGACATCCTAATGGTGCAGCCGCTATTAAGGATTCGTTTGTTCAACGATTAAAGTCCT","CAATCCTCTCCCAGAGTCCCTATCGACGAGGGGGTTTACGACCTCGATGTTGGATCAGGACATCCTAATGGTGCAGCCGCTATTAAGGGTTCGTTTGTTCAACGATTAAAGTCCT"
"45",1381,"TAATTCTTTATGAGCTTGCAACCTCGATGTTGGACTAGGAATTTGGTAGGCTAGCCGCCTATTTATATTGTTCTGTTCGAACTATTTTTCCT","TAATTCTTTATGAGCTTGCGACCTCGATGTTGGACTAGGAATTTGGTAGGCTAGCCGCCTATTTATATTGTTCTGTTCGAACTATTTTTCCT"
"12",1372,"CAATTTCTCCCGAAAGATGGTATTGGAGGGGAAGATTGTGACCTCGATGTTGGCTTTAGGTGTCCCAGAGGCGTAAAAGCTTCTAAGGGTGGGTCTGTTCGCCCTTTAAAATCTA","CAATTTCTCCCGAAAGATGGTATTGGAGGGGAAGATTGTGACCTCGATGTTGGCTTTAGGTGTCCTAGAGGCGTAAAAGCTTCTAAGGGTGGGTCTGTTCGCCCTTTAAAATCTA"
"83",1333,"TAATATTCTTGGAGAGTTCTTATCGATAAGAAAGTTTGCGACCTCGATGTTGGATTAAGAAATTGGTGAGGTGCAGAAGCTTCACAGGAAAGTCTGTTCGACTTTTAATATCTT","TAATATTCTTGGAGAGTTCTTATCGATAAGAAAGTTTGCGACCTCGATGTTGGATTAAGAAATTGGTGAGGTGCAGAAGCTTCACAGGAAAGTCTGTTCGACTTTTAATATCTT"
"1",1300,"CAATTTCTCCCGAAAGATGGTATTGGAGGGGAAGATTGCGACCTCGATGTTGGCTTTAGATATCCTAGAGGCGTAGAAGCTTCTAATGATGGGTCTGTTCGCCCTTTAAAATCTA","CAATTTCTCCCGAAAGATGGTATTGGAGGGGAAGATTGCGACCTCGATGTTGGCTTTAGATATCCTAGAGGCGTAGAAGCTTCTAATGGTGGGTCTGTTCGCCCTTTAAAATCTA"
"45",1244,"TAATTCTTTATGAGCTTGCGACCTCGATGTTGGACTAGGAATTTGGTAGGCTAGCCGCCTATTTATATTGTTCTGTTTGAACTATTTTTCCT","TAATTCTTTATGAGCTTGCGACCTCGATGTTGGACTAGGAATTTGGTAGGCTAGCCGCCTATTTATATTGTTCTGTTCGAACTATTTTTCCT"
"10",1230,"TAATTTTTTTGGAGAGTTCATATTGATAAAAAAGTTTGCGACCTCGATGTTGGATCGAGATTTCCTAGAGATGCAGCAGTTTCTGAGGGTTGGTCTGTTCGACCATTAAAATCTT","TAATTTTTTTGGAGAGTTCATATTGATAAAAAAGTTTGCGACCTCGATGTTGGATCGAGATTTCCTAGAGATGCAGCAGTTTCTGAGGGTTGGTCTGTTCGACCATTAAAATCTT"
"39",1224,"TAATCTTTTTTGAGAGTTCTAATCGACAAAAAGGTTTGCGACCTCGATGTTGGACTAAAATTTAGATGTGGTGCAGCAGCTACATTTTAGAGTCTGTTCGACCCATAATATTTT","TAATCTTTTTTGAGAGTTCTAATCGACAAAAAGGTTTGCGACCTCGATGTTGGACTAAAATTTAGATGTGGTGCAGCAGCTACATTTTAGGGTCTGTTCGACCCATAATATTTT"
"32",1191,"TAATCTTTTTTGAGAGTTCTAATCGACAAAAAGGTTTGCGACCTTGATGTTGGACTAAAATTTAGGCAGGGTGCAGCAGTTCTGCTTTTAGGTCTGTTCGACCTATAATATTTT","TAATCTTTTTTGAGAGTTCTAATCGACAAAAAGGTTTGCGACCTCGATGTTGGACTAAAATTTAGGCAGGGTGCAGCAGTTCTGCTTTTAGGTCTGTTCGACCTATAATATTTT"
"24",1179,"CAATTTCTCCCGAAAGATGGTATTGGAGGGGAAGATTGCGACCTCGATGTTGGCTTTAGATACCCTAAAGGCGTAGAAGCTTCTAATGGTGGGTCTGTTCGCCCTTTAAAATCTA","CAATTTCTCCCGAAAGATGGTATTGGAGGGGAAGATTGCGACCTCGATGTTGGCTTTAGATACCCTAGAGGCGTAGAAGCTTCTAATGGTGGGTCTGTTCGCCCTTTAAAATCTA"
"75",1158,"TTATTTCTTTTGAGAGCCCATATCGAAAAAGAAGTTTGCGACCTCGATGTTGAATTAAAATATCTAAATAATGCAGCAGTTATTAAAGAAGGTCTGTTCGACCTTTAAATTTTT","TTATTTCTTTTGAGAGCCCATATCGAAAAAGAAGTTTGCGACCTCGATGTTGAATTAAAATATCTAAATAATGCAGCAGTTATTAAAGAAGGTCTGTTCGACCTTTAAATTTTT"
"1",1156,"CAATTTCTCCCGAAAGATGGTATTGGAGGGGAAGATTGCGATCTCGATGTTGGCTTTAGATATCCTAGAGGCGTAGAAGCTTCTAATGGTGGGTCTGTTCGCCCTTTAAAATCTA","CAATTTCTCCCGAAAGATGGTATTGGAGGGGAAGATTGCGACCTCGATGTTGGCTTTAGATATCCTAGAGGCGTAGAAGCTTCTAATGGTGGGTCTGTTCGCCCTTTAAAATCTA"
"50",1099,"TAATTCTTTTTGAGCTTGCGACCTCGATGTTGGACTAGGAATTTGATAGGCTAGCCGCCTATTTATATTGTTCTGTTCGAACTATTTTTCCT","TAATTCTTTTTGAGCTTGCGACCTCGATGTTGGACTAGGAATTTGGTAGGCTAGCCGCCTATTTATATTGTTCTGTTCGAACTATTTTTCCT"
"1",1059,"CAATTTCTCCCGAAAGATGGTATTGGAGGGGAAGATTGCGACCTCGATGTTGGCTTTAGATATCCTAGAGGCGTAGAAGCTTCTAATGGTGGGTATGTTCGCCCTTTAAAATCTA","CAATTTCTCCCGAAAGATGGTATTGGAGGGGAAGATTGCGACCTCGATGTTGGCTTTAGATATCCTAGAGGCGTAGAAGCTTCTAATGGTGGGTCTGTTCGCCCTTTAAAATCTA"
"39",1040,"TAATCTTTTTTGAGAGTTCTAATCGACAAAAAGGTTTGCGACCTCGATGTTGGACTAAAATTTAGACGTGGTGCAGCAGCTACATTTTAGGGTCTGTTCGACCCATAATATTTT","TAATCTTTTTTGAGAGTTCTAATCGACAAAAAGGTTTGCGACCTCGATGTTGGACTAAAATTTAGATGTGGTGCAGCAGCTACATTTTAGGGTCTGTTCGACCCATAATATTTT"
"92",1011,"TAAAATAATTTAGAGACCTAATTTATGTTTATATTTACGACCTCGATGTTGAATTAAGAATAACCAAGGAGCAGAAATTTTGGCCTTATAGATTGTTCATCTATAAATTCTT","TAAAATAATTTAGAGACCTAATTTATGTTTATATTTACGACCTCGATGTTGAATTAAGAATAACCAAGGAGCAGAAATTTTGGCCTTATAGATTGTTCATCTATAAATTCTT"
"20",984,"CAATCCTCTTTTAGAGCCCATATCGACAAGAGGGTTTACGACCTCGATGTTGGATCAGGACATCCTAATGGTGCAGCCGCTATTAAGGGTTCGTTTGTTCAACGATTAAAGTCCG","CAATCCTCTTTTAGAGCCCATATCGACAAGAGGGTTTACGACCTCGATGTTGGATCAGGACATCCTAATGGTGCAGCCGCTATTAAGGGTTCGTTTGTTCAACGATTAAAGTCCT"
"12",976,"CAATTTCTCCCGAAAGATGGTATTGGAGGGGAAGATTGTGACCTCGATGTTGGCTTTAGGTGTCCTAAAGGCGTAAAAGCTTCTAAGGGTGGGTCTGTTCGCCCTTTAAAATCTA","CAATTTCTCCCGAAAGATGGTATTGGAGGGGAAGATTGTGACCTCGATGTTGGCTTTAGGTGTCCTAGAGGCGTAAAAGCTTCTAAGGGTGGGTCTGTTCGCCCTTTAAAATCTA"
"52",965,"TAATTCTTTTGAGTTTGCGACCTCGATGTTGGACTAGGAATTTAATCGGCTAGCCGCCTGGTAACATTGTTCTGTTCGAACAGTTTTTCCT","TAATTCTTTTGAGTTTGCGACCTCGATGTTGGACTAGGAATTTAATCGGCTAGCCGCCTGTTAACATTGTTCTGTTCGAACAGTTTTTCCT"
"9",962,"CAACCTCCTTGGATAGCCCACATTGATAAGGACTCTTGTGACCTCGATGTTGAATTACAGGTACTAATTGGTGAAGCAGCCTTTGTAAACAGTCTGTTCGACTAATAATCCCTTT","CAACCTCCTTGGATAGCCCACATTGATAAGGACTCTTGTGACCTCGATGTTGAATTACAGGTACTAATTGGTGAAGCAGCCTTTGTAGACAGTCTGTTCGACTAATAACCCCTTT"
"58",947,"TAATTCTTTTGAGTTTGCGGCCTCGATGTTGGACTAGGAATTTAATCGGCTAACCGCCTGTTAACATTGTTCTGTTCGAACAGTTTTTCCT","TAATTCTTTTGAGTTTGCGGCCTCGATGTTGGACTAGGAATTTAATCGGCTAACCGCCTGTTAACATTGTTCTGTTCGAACAGTTTTTCCT"
"52",943,"TAATTCTTTTGAGTTTGCGACCTCGATGTTGGACTAGGAATTTAATCGGCTAGCCGCCTGTTAACATTGTTCTATTCGAACAGTTTTTCCT","TAATTCTTTTGAGTTTGCGACCTCGATGTTGGACTAGGAATTTAATCGGCTAGCCGCCTGTTAACATTGTTCTGTTCGAACAGTTTTTCCT"
"1",943,"CAATTTCTCCCGAAAGATGGTATTGGAGGGGAAGATTGCGACCTCGATGTTGTCTTTAGATATCCTAGAGGCGTAGAAGCTTCTAATGGTGGGTCTGTTCGCCCTTTAAAATCTA","CAATTTCTCCCGAAAGATGGTATTGGAGGGGAAGATTGCGACCTCGATGTTGGCTTTAGATATCCTAGAGGCGTAGAAGCTTCTAATGGTGGGTCTGTTCGCCCTTTAAAATCTA"
"12",942,"CAATTTCTCCCGAAAGATGGTATTGGAGGGGAAGATTGTGACCTCGATGTTGGCTTTAGGTGTCCTAGAGGCGTAAAAGCTTCTAAGGGTGGGTCTGTTCGTCCTTTAAAATCTA","CAATTTCTCCCGAAAGATGGTATTGGAGGGGAAGATTGTGACCTCGATGTTGGCTTTAGGTGTCCTAGAGGCGTAAAAGCTTCTAAGGGTGGGTCTGTTCGCCCTTTAAAATCTA"
"45",886,"TAATTCGTTATGAGCTTGCGACCTCGATGTTGGACTAGGAATTTGGTAGGCTAGCCGCCTATTTATATTGTTCTGTTCGAACTATTTTTCCT","TAATTCTTTATGAGCTTGCGACCTCGATGTTGGACTAGGAATTTGGTAGGCTAGCCGCCTATTTATATTGTTCTGTTCGAACTATTTTTCCT"
"32",877,"TAATCTTTTTTGAGAGTTCTAATCGACAAAAAGGTTTGCGACCTCGATGTTGAACTAAAATTTAGGCAGGGTGCAGCAGTTCTGCTTTTAGGTCTGTTCGACCTATAATATTTT","TAATCTTTTTTGAGAGTTCTAATCGACAAAAAGGTTTGCGACCTCGATGTTGGACTAAAATTTAGGCAGGGTGCAGCAGTTCTGCTTTTAGGTCTGTTCGACCTATAATATTTT"
"45",841,"TAATTCTTTATGAGCTTGCGACCTCGATGTTGGACTAGGAATTTGGTAGGCTAGCCGCCTATTTATATTGTTCTGTTCGGACTATTTTTCCT","TAATTCTTTATGAGCTTGCGACCTCGATGTTGGACTAGGAATTTGGTAGGCTAGCCGCCTATTTATATTGTTCTGTTCGAACTATTTTTCCT"
"6",836,"CAATCCCTTCTTAGAGCCCATATCGACGAAGGGGTTTACGACTTCGATGTTGGATCAGGACATCCTAATGGTGCAGCCGCTATTAAGGGTTCGTTTGTTCAACGATTAATAGTCCT","CAATCCCTTCTTAGAGCCCATATCGACGAAGGGGTTTACGACCTCGATGTTGGATCAGGACATCCTAATGGTGCAGCCGCTATTAAGGGTTCGTTTGTTCAACGATTAATAGTCCT"
"25",834,"TTATCTTTTCTGAGAGTTCATATTGACGAAAAGGTTTGCGACCTCGATGTTGGATCGGGACATCCTGAGGGTGCAGAAGCTTTTAAGGGTTGGTCTGTTCGACCATTAAAGTCCT","TTATCTTTTCTGAGAGTTCATATTGACGAAAAGGTTTGCGACCTCGATGTTGGATCGGGACATCCTAAGGGTGCAGAAGCTTTTAAGGGTTGGTCTGTTCGACCATTAAAGTCCT"
"13",818,"TAATCCTCCCGGCGAGACCACATTAAGGGGAAGGTTTGCGACCTCGATGTTGGCTTAGGGCTTCCTAGAAGTGCAGGGGCTTCTAAGGGTTGGTCTGTTCGACCATTAAAGCCTT","TAATCCTCCCGGCGAGACCACATTAAGGGGAGGGTTTGCGACCTCGATGTTGGCTTAGGGCTTCCTAGAAGTGCAGGGGCTTCTAAGGGTTGGTCTGTTCGACCATTAAAGCCTT"
"45",803,"TAATTCTTTATGAGCTTGCGACCTCGATGTTGGACTAGGAATTTGGTAGGCTATCCGCCTATTTATATTGTTCTGTTCGAACTATTTTTCCT","TAATTCTTTATGAGCTTGCGACCTCGATGTTGGACTAGGAATTTGGTAGGCTAGCCGCCTATTTATATTGTTCTGTTCGAACTATTTTTCCT"
"53",801,"TAATCCCCCCTGAGAGTTCGTATTGAAGGGTGGGTTTGCGACCTCGATGTCTGCTTAGCGCATCCTCCTGGTGAAGCAGCTGGGAAGGGTAGCACTGTTCGTGCTCTAAGGCGCT","TAATCCCCCCTGAGAGTTCGTATTGAAGGGTGGGTTTGCGACCTCGATGTCTGCTTAACGCATCCTCCTGGTGAAGCAGCTGGGAAGGGTAGCACTGTTCGTGCTCTAAGGCGTT"
"91",768,"TAAAATAATTTAAAGACCTTATTAATATTTATGTTTACGACCTCGATGTTGAATTAAGAAATTTTAAAAAGCAGAAATTTTAAAAATATTAGATTGTTCATCTATTTTTTCTT","TAAAATAATTTAAAGACCTTATTAATATTTATGTTTACGACCTCGATGTTGAATTAAGAAATTTTAAAAAGCAGAAATTTTAAAAATATTAGATTGTTCATCTATTTTTTCTT"
"1",749,"CAATTTCTCCCGAAAGATGGTATTGGAGGGGAAGATTGCGACCTCGATGTCGGCTTTAGATATCCTAGAGGCGTAGAAGCTTCTAATGGTGGGTCTGTTCGCCCTTTAAAATCTA","CAATTTCTCCCGAAAGATGGTATTGGAGGGGAAGATTGCGACCTCGATGTTGGCTTTAGATATCCTAGAGGCGTAGAAGCTTCTAATGGTGGGTCTGTTCGCCCTTTAAAATCTA"
"6",746,"CAATCCCTTCTTAGAGCCCATATCGACGAAGGGGTTTACGACCTCGATGTTGGATCAGGACATCCTAATGGTGCAGCCGCTATTAAGGGTTCGTTTGTTCAACGACTAATAGTCCT","CAATCCCTTCTTAGAGCCCATATCGACGAAGGGGTTTACGACCTCGATGTTGGATCAGGACATCCTAATGGTGCAGCCGCTATTAAGGGTTCGTTTGTTCAACGATTAATAGTCCT"
"1",738,"CAATTTCTCCCGAAAGATGGTATTGGAGGGGAAGATTGCGACCTCGATGTTGGCTTTAGATATCCTAGAGGCGTAGAAACTTCTAATGGTGGGTCTGTTCGCCCTTTAAAATCTA","CAATTTCTCCCGAAAGATGGTATTGGAGGGGAAGATTGCGACCTCGATGTTGGCTTTAGATATCCTAGAGGCGTAGAAGCTTCTAATGGTGGGTCTGTTCGCCCTTTAAAATCTA"
"24",735,"CAATTTCTCCCGAAAGATGGTATTGGAGGGGAAGATTGCGACCTCGATGTTGGCTTTAGATATCCTAAAGGCGTAGAAGCTTCTAATGGTGGGTCTGTTCGCCCTTTAAAATCTA","CAATTTCTCCCGAAAGATGGTATTGGAGGGGAAGATTGCGACCTCGATGTTGGCTTTAGATACCCTAGAGGCGTAGAAGCTTCTAATGGTGGGTCTGTTCGCCCTTTAAAATCTA"
"45",691,"TAATTCTTTATGAGCTTGCGACCTCGATGTTGAACTAGGAATTTGGTAGGCTAGCCGCCTATTTATATTGTTCTGTTCGAACTATTTTTCCT","TAATTCTTTATGAGCTTGCGACCTCGATGTTGGACTAGGAATTTGGTAGGCTAGCCGCCTATTTATATTGTTCTGTTCGAACTATTTTTCCT"
"15",667,"CAATCCTCTCCCAGAGTCCCTATCGACGAGGGGGTTTGCGACCTCGATGTTGGATCAGGACATCCTATTGGTGCAGCCGCTAATAAGGGTTCGTTTGTTCAACGATTAAAGTCCT","CAATCCTCTCCCAGAGTCCCTATCGACGAGGGGGTTTACGACCTCGATGTTGGATCAGGACATCCTATTGGTGCAGCCGCTAATAAGGGTTCGTTTGTTCAACGATTAAAGTCCT"
"32",656,"TAATCTTTTTTGAGAGTTCTAATCGACAAAAAGGTTTGCGACCTCGATGTTGGACTAAAATTTAGGCAGGGTGCAGTAGTTCTGCTTTTAGGTCTGTTCGACCTATAATATTTT","TAATCTTTTTTGAGAGTTCTAATCGACAAAAAGGTTTGCGACCTCGATGTTGGACTAAAATTTAGGCAGGGTGCAGCAGTTCTGCTTTTAGGTCTGTTCGACCTATAATATTTT"
"12",653,"CAATTTCTCCCGAAAGATGGTATTGGGGGGGAAGATTGTGACCTCGATGTTGGCTTTAGGTGTCCTAGAGGCGTAAAAGCTTCTAAGGGTGGGTCTGTTCGCCCTTTAAAATCTA","CAATTTCTCCCGAAAGATGGTATTGGAGGGGAAGATTGTGACCTCGATGTTGGCTTTAGGTGTCCTAGAGGCGTAAAAGCTTCTAAGGGTGGGTCTGTTCGCCCTTTAAAATCTA"
"114",643,"CAACACACTTGTGGAGACCACATTTGTAAGTGGATTTGTGACCTCGATGTTGAATTAAAGGTGCTGTCTAGCGCAGCTGTTAGACAAGTAAGTCCGTTCGACTTTTAAACCTTT","CAACACACTTGTGGAGACCACATTTGTAAGTGGATTTGTGACCTCGATGTTGAATTAAAGGTGCTGTCTAGCGCAGCTGTTAGACAAGTAAGTCCGTTCGACTTTTAAACCTTT"
"18",638,"CAATCCTATTCTAGAGTCCATATCAACAATAGGGTTTACGACCTCGATGTTGGATCAGGACATCCCGATGGTGCAGTCGCTATTAAAGGTTCGTTTGTTCAACGATTAAAGTCCT","CAATCCTATTCTAGAGTCCATATCAACAATAGGGTTTACGACCTCGATGTTGGATCAGGACATCCCGATGGTGCAGCCGCTATTAAAGGTTCGTTTGTTCAACGATTAAAGTCCT"
"45",635,"TAATTCTTTATGAGCTTGCGACCTCGATGTTGGACTAGGAATTTGGTAGGCTAGCCGCTTATTTATATTGTTCTGTTCGAACTATTTTTCCT","TAATTCTTTATGAGCTTGCGACCTCGATGTTGGACTAGGAATTTGGTAGGCTAGCCGCCTATTTATATTGTTCTGTTCGAACTATTTTTCCT"
"36",630,"TTATTTTTCCTGAGAGATCGAATTGAGGGAAAAGTTTGCGACCTCGATGTTGGATTATAGAAACTTTATGGTGCAGCAGCTATAATTGTGAGACTGTTCGTCTTTTAAATCTAT","TTATTTTTCCTGAGAGATCGAATTGAGGGAAAAGTTTGCGACCTCGATGTTGGATTATAGAAACTTTATGGTGCAGCAGCTATAATTGTGAGACTGTTCGTCTTTTAAATCTAT"
"117",624,"TAAAATCGGTTATAGCTCTTATAGGCACCCTTATTACGACCTCGATGTTGAATTAAATATTCTAGTGCAGCTGCTATTAAAAAAAGTCTGTTCGACTAATTATATTT","TAAAATCGGTTATAGCTCTTATAGGCACCCTTATTACGACCTCGATGTTGAATTAAATATTCTAGTGCAGCTGCTATTAAAAAAAGTCTGTTCGACTAATTATATTT"
"23",621,"TAATCTTTTTTTAGAGTTCTTATTGAAAAAAAGGTTTGCGACCTCGATGTTGGACTAAGATATCCTGAAGGTGTAGAGGTTTTCAATGGTTAGTCTGTTCGACTATTAAAATCTT","TAATCTTTTTTTAGAGTTCTTATTGAAAAAAAGGTTTGCGACCTCGATGTTGGACTAAGATATCCTGAAGGTGTAGAAGTTTTCAATGGTTAGTCTGTTCGACTATTAAAATCTT"
"45",597,"TAATTCTTTATGAGCTTGCGACTTCGATGTTGGACTAGGAATTTGGTAGGCTAGCCGCCTATTTATATTGTTCTGTTCGAACTATTTTTCCT","TAATTCTTTATGAGCTTGCGACCTCGATGTTGGACTAGGAATTTGGTAGGCTAGCCGCCTATTTATATTGTTCTGTTCGAACTATTTTTCCT"
"49",594,"TAATTCTTTATGAGCTTGCGACCTCGATGTTGGACTAGGAATTTGGTGGGCTAGCCGCCTATTTATATTGTTCTGTTCGAATTATTTTTCCT","TAATTCTTTATGAGCTTGCGACCTCGATGTTGGACTAGGAATTTGGTGGGCTAGCCGCCTATTTATATTGTTCTGTTCGAACTATTTTTCCT"
"45",585,"TAATTCTTTATGAGCTTGCGACCTCGATGTTGGACTAGGAATTTGGTAGGATAGCCGCCTATTTATATTGTTCTGTTCGAACTATTTTTCCT","TAATTCTTTATGAGCTTGCGACCTCGATGTTGGACTAGGAATTTGGTAGGCTAGCCGCCTATTTATATTGTTCTGTTCGAACTATTTTTCCT"
"45",582,"TAATTCTTTATGAGCTTGCGACCTCGATGTTGGACTAGGAATTTGGTAGGTTAGCCGCCTATTTATATTGTTCTGTTCGAACTATTTTTCCT","TAATTCTTTATGAGCTTGCGACCTCGATGTTGGACTAGGAATTTGGTAGGCTAGCCGCCTATTTATATTGTTCTGTTCGAACTATTTTTCCT"
"37",576,"TTATACCTTTTTAGAGCCCCTATCGCCAAAGGTGTTTACGACCTCGATGTTGAATTGAGGTACCTATTTTAAGCAGCCTTAAAACAAGGAAGTCTGTTCGACTTTTAATTTTTC","TTATACCTTTTTAGAGCCCCTATCGCCAAAGGTGTTTACGACCTCGATGTTGAATTGAAGTACCTATTTTAAGCAGCCTTAAAACAAGGAAGTCTGTTCGACTTTTAATTTTTC"
"12",575,"CAATTTCTCCCGAAAGATGGTATTAGAGGGGAAGATTGTGACCTCGATGTTGGCTTTAGGTGTCCTAGAGGCGTAAAAGCTTCTAAGGGTGGGTCTGTTCGCCCTTTAAAATCTA","CAATTTCTCCCGAAAGATGGTATTGGAGGGGAAGATTGTGACCTCGATGTTGGCTTTAGGTGTCCTAGAGGCGTAAAAGCTTCTAAGGGTGGGTCTGTTCGCCCTTTAAAATCTA"
"1",572,"CAATTTCTCCCGAAAGATGGTATTGGAGGGGAAGATTGCGACCTCGATGTTGGCTTTAGATATCCCAGAGGCGTAGAAGCTTCTAATGGTGGGTCTGTTCGCCCTTTAAAATCTA","CAATTTCTCCCGAAAGATGGTATTGGAGGGGAAGATTGCGACCTCGATGTTGGCTTTAGATATCCTAGAGGCGTAGAAGCTTCTAATGGTGGGTCTGTTCGCCCTTTAAAATCTA"
"2",563,"TAATTTGGTTCCCGAAAGATCTTATTAAGGGAAGAGTGTGCGACCTCGATGTTGAATTAAAGGAGCTTTTTGGTTGAAAATGCTAAAAGGGCAAAACTGCTCGTTTTTTAATCCTTT","TAATTTGGTTCCCGAAAGATCTTATTAAGGGAAGAGTGTGCGACCTCGATGTTGAATTAAAGGAGCTTTTTGGTTGAAAATGCTAAAAGGGCAAAACTGTTCGTTTTTTAATCCTTT"
"13",561,"TAATCCTCCCGGCGAGACCACATTAAGGGGAGGGTTTGCGACCTCGATGTTGGCTTAGGGCTTCCTAGAAGTGCAGGGGCTTCTAAGGGCTGGTCTGTTCGACCATTAAAGCCTT","TAATCCTCCCGGCGAGACCACATTAAGGGGAGGGTTTGCGACCTCGATGTTGGCTTAGGGCTTCCTAGAAGTGCAGGGGCTTCTAAGGGTTGGTCTGTTCGACCATTAAAGCCTT"
"52",555,"TAATTCTTTTGAGTTTGCGACCTCGATGTTGGATTAGGAATTTAATCGGCTAGCCGCCTGTTAACATTGTTCTGTTCGAACAGTTTTTCCT","TAATTCTTTTGAGTTTGCGACCTCGATGTTGGACTAGGAATTTAATCGGCTAGCCGCCTGTTAACATTGTTCTGTTCGAACAGTTTTTCCT"
"54",550,"CAATCATTCTGATAAGGCCATATTTAAGGAGTGGTTTGCGACCTCGATGTTGAATCAAAATTTCTACTTGGTGTAGCAGCTAAGTTAGTGGGACTGTTCGTCCTTTAAAATTTT","CAATCATTCTGATAAGGCCATATTTAAGGAGTGGTTTGCGACCTCGATGTTGAATCAAAATTTCTACTTGGTGTAGCAGCTAAGTTAGTGGGACTGTTCGTCCTTTAAAATTTT"
"55",549,"TAATCTTTTTTGAGCTTGCGACCTCGATGTTGGACTAGGAATTTGGTAGGCTAGCCGCCTATTTATATTGTTCTGTTCGAACTATTTTTCCT","TAATTTTTTATGAGCTTGCGACCTCGATGTTGGACTAGGAATTTGGTAGGCTAGCCGCCTATTTATATTGTTCTGTTCGAACTATTTTTCCT"
"3",533,"TAATTTAACTTCTTAAAGATCTTATTAAAGAAGGAGTTTGCGACCTCGATGTTGAATTAAAGGAGCTTTTTGGTTGAAGATGCTAAATAAGCAAAACTGTTCGTTTTTTAATGCTTT","TAATTTAACTTCTTAAAGATTTTATTAAAGAAGGAGTTTGCGACCTCGATGTTGAATTAAAGGAGCTTTTTGGTTGAAGATGCTAAATAAGCAAAACTGTTCGTTTTTTAATGCTTT"
"52",526,"TAATTCTTTCGAGTTTGCGACCTCGATGTTGGACTAGGAATTTAATCGGCTAGCCGCCTGTTAACATTGTTCTGTTCGAACAGTTTTTCCT","TAATTCTTTTGAGTTTGCGACCTCGATGTTGGACTAGGAATTTAATCGGCTAGCCGCCTGTTAACATTGTTCTGTTCGAACAGTTTTTCCT"
"19",523,"CAATCCCCTTTTAGAGCCCATATCGACAAGGGGGTTTACGACCTCGATGTTGGATCAGGACATCCTAATGGTGCAGCCGCTATTAAGGGTTCGTTTGTTCAACGATTAAGGTCCT","CAATCCTCTTTTAGAGCCCATATCGACAAGGGGGTTTACGACCTCGATGTTGGATCAGGACATCCTAATGGTGCAGCCGCTATTAAGGGTTCGTTTGTTCAACGATTAAAGTCCT"
"17",513,"TAATCCCTCCTAAGAGCCCACATTGCCGGAGGGGTTTGCGACCTCGATGTTGGATCGGGGAACCCCGATGGTGCAGCCGCTATCAACGGTTGGTCTGTTCGACCATTAAAACCCC","TAATCCCTCCTAAGAGCCCGCATTGCCGGAGGGGTTTGCGACCTCGATGTTGGATCGGGGAACCCCGATGGTGCAGCCGCTATCAACGGTTGGTCTGTTCGACCATTAAAACCCC"
"52",500,"TAATTCTTTTGAGTTTGCGACCTCGATGTTGGACTAGGAATTTAATCGGCTAGCCGCCTGTTAACATTGTTCTGTTCGAACAGTTTTTTCT","TAATTCTTTTGAGTTTGCGACCTCGATGTTGGACTAGGAATTTAATCGGCTAGCCGCCTGTTAACATTGTTCTGTTCGAACAGTTTTTCCT"
"7",487,"TAATTTTTTCATAAAGTTCTTATTGAAGAAAAAGTTTGCGACCTCGATGTTGACTTGTTATCTCCTTCTAAGGTGCAGTAGCTGTAAGGGTTAGTCTGTTCGACTATTAAAATAAC","TAATTTTTTCATAAAGTTCTTATTGAAGAAAAAGTTTGCGACCTCGATGTTGACTTGTTATCTCCTTCTAAGGTGCAGTAGCTGTAAGGGTTAGTCTGTTCGACTATTAAAATAAC"
"12",482,"CAATTTCTCCCGAAAGATGGTATTGGAGGGGAAGATTGTGTCCTCGATGTTGGCTTTAGGTGTCCTAGAGGCGTAAAAGCTTCTAAGGGTGGGTCTGTTCGCCCTTTAAAATCTA","CAATTTCTCCCGAAAGATGGTATTGGAGGGGAAGATTGTGACCTCGATGTTGGCTTTAGGTGTCCTAGAGGCGTAAAAGCTTCTAAGGGTGGGTCTGTTCGCCCTTTAAAATCTA"
"1",479,"CAATTTCTCCCGAAAGATGGTATTGGAGGGGAAGATTGCGACCTCGATGTTGGCTTTAGATATCCTAGGGGCGTAGAAGCTTCTAATGGTGGGTCTGTTCGCCCTTTAAAATCTA","CAATTTCTCCCGAAAGATGGTATTGGAGGGGAAGATTGCGACCTCGATGTTGGCTTTAGATATCCTAGAGGCGTAGAAGCTTCTAATGGTGGGTCTGTTCGCCCTTTAAAATCTA"
"32",473,"TAATCTTTTTTGAGAGTTCTAATCGACAAAAAGGTTTGCGACCTCGATGTTGGACTAAAATTTAGGCAGGGTACAGCAGTTCTGCTTTTAGGTCTGTTCGACCTATAATATTTT","TAATCTTTTTTGAGAGTTCTAATCGACAAAAAGGTTTGCGACCTCGATGTTGGACTAAAATTTAGGCAGGGTGCAGCAGTTCTGCTTTTAGGTCTGTTCGACCTATAATATTTT"
"32",450,"TAATCTTTTTTGAGAGTTCTAATCGACAAAAAGGTTTGCGACCTCGATGTTGGACTAAAATTTAGGCAGGGTGCAGCAGTTCCGCTTTTAGGTCTGTTCGACCTATAATATTTT","TAATCTTTTTTGAGAGTTCTAATCGACAAAAAGGTTTGCGACCTCGATGTTGGACTAAAATTTAGGCAGGGTGCAGCAGTTCTGCTTTTAGGTCTGTTCGACCTATAATATTTT"
"12",447,"CAATTTCTCCCGAAAGATGGTATTGGAGGAGAAGATTGTGACCTCGATGTTGGCTTTAGGTGTCCTAGAGGCGTAAAAGCTTTTAAGGGTGGGTCTGTTCGCCCTTTAAAATCTA","CAATTTCTCCCGAAAGATGGTATTGGAGGGGAAGATTGTGACCTCGATGTTGGCTTTAGGTGTCCTAGAGGCGTAAAAGCTTCTAAGGGTGGGTCTGTTCGCCCTTTAAAATCTA"
"18",407,"CAATCCTATTCTAGAGTCCATATCAACAATAGGGTTTACGACCTCGATGTTTGATCAGGACATCCCGATGGTGCAGCCGCTATTAAAGGTTCGTTTGTTCAACGATTAAAGTCCT","CAATCCTATTCTAGAGTCCATATCAACAATAGGGTTTACGACCTCGATGTTGGATCAGGACATCCCGATGGTGCAGCCGCTATTAAAGGTTCGTTTGTTCAACGATTAAAGTCCT"
"8",406,"TAATTTTTCTTTATAGTCCGCATTGAAAGAGAAGATTGCGACCTCGATGTTGAATTAAGGTGACCAGAGGGCGTAGGGGCCCTCTAAGGTTGGTTTGTTCGCCCATAAAAACCCTT","TAATTTTTCTTTATAGTCCGCATTGAAAGAGAAGATTGCGACCTCGATGTTGGATTAAGGTGACCAGAGGGCGTAGGGGCCCTCTAAGGTTGGTTTGTTCGCCCATAAAAACCCTT"
"22",402,"CAATTTACTTGGTGAGTTGGTATCTATGGGTAAGTTTGTGACCTCGATGTTGGACTAAGATATCCTTCAAGTGCAGTGGTTTGAAAGGGTTGGTCTGTTCGACCATTAATATCTT","CAATTTACTTGGTGAGTTGGTATCTATGGGTAAGTTTGTGACCTCGATGTTGGACTAAGATATCCTTCAAGTGCAGCGGTTTGAAAGGGTTGGTCTGTTCGACCATTAATATCTT"
"32",399,"TAATCTTTTTTGAGAGTTCTAATCGACAAAAAGGTTTGCGACCTCGATGTTGGACTAAAATTTAGGCAGGGTGCAGCAGTTCTGCTTTTAGATCTGTTCGACCTATAATATTTT","TAATCTTTTTTGAGAGTTCTAATCGACAAAAAGGTTTGCGACCTCGATGTTGGACTAAAATTTAGGCAGGGTGCAGCAGTTCTGCTTTTAGGTCTGTTCGACCTATAATATTTT"
"52",395,"TAATTCTTTTGAGTTTGCGACCTCGATGTTGGACTAGGAATTTAATCGGCTAGCCGCCTGTTGACATTGTTCTGTTCGAACAGTTTTTCCT","TAATTCTTTTGAGTTTGCGACCTCGATGTTGGACTAGGAATTTAATCGGCTAGCCGCCTGTTAACATTGTTCTGTTCGAACAGTTTTTCCT"
"37",374,"TTATACCTTTTTAGAGCCCCTATCGCCAAAGGTGTTTACGACCTCGATGTTGAATTGAAGTACCTATTTTAAGCAGCCTTAAAACGAGGAAGTCTGTTCGACTTTTAATTTTTC","TTATACCTTTTTAGAGCCCCTATCGCCAAAGGTGTTTACGACCTCGATGTTGAATTGAAGTACCTATTTTAAGCAGCCTTAAAACAAGGAAGTCTGTTCGACTTTTAATTTTTC"
"39",374,"TAATCTTTTTTGAGAGTTCTACTCGACAAAAAGGTTTGCGACCTCGATGTTGGACTAAAATTTAGATGTGGTGCAGCAGCTACATTTTAGGGTCTGTTCGACCCATAATATTTT","TAATCTTTTTTGAGAGTTCTAATCGACAAAAAGGTTTGCGACCTCGATGTTGGACTAAAATTTAGATGTGGTGCAGCAGCTACATTTTAGGGTCTGTTCGACCCATAATATTTT"
"45",373,"TAATTCTTTATGAGCTTGCGACCTCGATGTTGGACTAGGAATTTGGGAGGCTAGCCGCCTATTTATATTGTTCTGTTCGAACTATTTTTCCT","TAATTCTTTATGAGCTTGCGACCTCGATGTTGGACTAGGAATTTGGTAGGCTAGCCGCCTATTTATATTGTTCTGTTCGAACTATTTTTCCT"
"18",372,"CAATCCTATTCTAGAGTCCATATCGACAATAGGGTTTACGACCTCGATGTTGGATCAGGACATCCCAATGGTGCAGCCGCTATTAAAGGTTCGTTTGTTCAACGATTAAAGTCCT","CAATCCTATTCTAGAGTCCATATCAACAATAGGGTTTACGACCTCGATGTTGGATCAGGACATCCCGATGGTGCAGCCGCTATTAAAGGTTCGTTTGTTCAACGATTAAAGTCCT"
"11",369,"CAATTTCTCCCGAAAGATGGTATTGGAGGGGAAGATTGTGACCTCGATGTTGGCTTTAGGTGTCCTGGAGGCGTAAAAGCTTCTAAGGGTGGGTCTGTTCGCCCTTTAAAATCTA","CAATTTCTCCCGAAAGATGGTATTGGAGGGGAAGATTGTGACCTCGATGTTGGCTTTAGGTGTCCTAGAGGCGTAAAAGCTTCTAAAGGTGGGTCTGTTCGCCCTTTAAAATCTA"
"48",342,"TAATTCTTTATGATCTTGCGACCTCGATGTTGGACTAGGAATTTGGTAGGCTAGCCGCCTATTTATATTGTCCTGTTCGAACTATTTTTCCT","TAATTCTTTATGAGCTTGCGACCTCGATGTTGGACTAGGAATTTGGTAGGCTAGCCGCCTATTTATATTGTCCTGTTCGAACTATTTTTCCT"
"12",329,"CAATTTCTCCCGAAAGATGGTATTGGAGGGGAAGATTGTGACCTCGATGTTGGCTTTAGGTGTCCTAGAGGCGTAAAAGCTTCTAAGGGTGAGTCTGTTCGCCCTTTAAAATCTA","CAATTTCTCCCGAAAGATGGTATTGGAGGGGAAGATTGTGACCTCGATGTTGGCTTTAGGTGTCCTAGAGGCGTAAAAGCTTCTAAGGGTGGGTCTGTTCGCCCTTTAAAATCTA"
"32",328,"TAATCTTTTTTGAGAGTTCTAATCGACAAAAAGGTTTGCGACCTCGATGTGGGACTAAAATTTAGGCAGGGTGCAGCAGTTCTGCTTTTAGGTCTGTTCGACCTATAATATTTT","TAATCTTTTTTGAGAGTTCTAATCGACAAAAAGGTTTGCGACCTCGATGTTGGACTAAAATTTAGGCAGGGTGCAGCAGTTCTGCTTTTAGGTCTGTTCGACCTATAATATTTT"
"39",320,"TAATCTTTTTTGAGAGTTCTAATCGACAAAAAGGTTTGCGACCTCGATGTTGGACTAAAATTTAGATGTGGTGCAGCAGCTACATTTTAGGGTTTGTTCGACCCATAATATTTT","TAATCTTTTTTGAGAGTTCTAATCGACAAAAAGGTTTGCGACCTCGATGTTGGACTAAAATTTAGATGTGGTGCAGCAGCTACATTTTAGGGTCTGTTCGACCCATAATATTTT"
"21",298,"CAATTTCTCCCGAAAGATGGTATTGGAGGGGAAGATTGCGACCTCGATGTTGGCTTTAGATATCCTAGAGGCGTAGAAGCCTCTAATGGTGGGTCTGCTCGCCCTTTAAAATCTA","CAATTTCTCCCGAAAGATGGTATTGGAGGGGAAGATTGCGACCTCGATGTTGGCTTTAGATATCCTAGAGGCGTAGAAGCCTCTAATGGTGGGTCTGTTCGCCCTTTAAAATCTA"
"47",296,"TAATTCTTTATGAACTTGCGACCTCGATGTTGGACTAGGAATTTGGTAGGCTAGCCGTCTATTTATATTGTTCTGTTCGAACTATTTTTCCT","TAATTCTTTATGAGCTTGCGACCTCGATGTTGGACTAGGAATTTGGTAGGCTAGCCGTCTATTTATATTGTTCTGTTCGAACTATTTTTCCT"
"112",295,"TTATAAAATTAAAGAGACCTTATCTCCAATTTTGATTGCGACCTCGATGTTGAATTAATAAATCCGCGCGGGGCAGCCCCCGCAAAGGAAGGTTTGTTCAACCTTTAATTTATT","TTATAAAATTAAAGAGACCTTATCTCCAATTTTGATTGCGACCTCGATGTTGAATTAATAAATCCGCGCGGGGCAGCCCCCGCAAAGGAAGGTTTGTTCAACCTTTAATTTATT"
"41",292,"TAATATTTATTAACAAGATCACATTATTAATAAAGAGTACGACCTCGATGTTGAACTAAAGGGAAGCTAATGTATAATATAGTGTCTATCGTCTGTTCGCCGATTTACCTTT","TAATATTTATTAACAAGATCACATTATTAATAAAGAGTACGACCTCGATGTTGAACTAAAGGGAAGCTAATGTATAATCTAGTGTCTATCGTCTGTTCGCCGATTTACCTTT"
"19",290,"CAATCCTCTTTTAGAGCCCATATCGACAAGGGGGTTTACGACCTCGATGTTGGATCAGGGCATCCTAATGGTGCAGCCGCTATTAAGGGTTCGTTTGTTCAACGATTAAAGTCCT","CAATCCTCTTTTAGAGCCCATATCGACAAGGGGGTTTACGACCTCGATGTTGGATCAGGACATCCTAATGGTGCAGCCGCTATTAAGGGTTCGTTTGTTCAACGATTAAAGTCCT"
"66",285,"TTATTTCTTCTGAGAGATCTAATTGAAGAAGAAGATTGCGACCTCGATGTTGGATTAGGATTTCTTGTTGGCGTAGAGGCTAGTTGAGTAGGACTGTTCGTCCTTTAAAATCTA","TTATTTCTTCTGAGAGATCTAATTGAAGAAGAAGATTGCGACCTCGATGTTGGATTAGGATTTCTTGTTGGCGTAGAGGCTAGTTGAGTAGGACTGTTCGTCCTTTAAAATCTA"
"85",283,"TAATCCTGATTGAGAGTTCATATTGAAGTCAGGGTTTGCGACCTCGATGTCTGCTCATCGCATCCTCCTGGTGAAGAAGCTAGGAAGGGTAGGGCTGTTCGCCCTCTAAGGCGGT","TAATCCTGATTGAGAGTTCATATTGAAGTCAGGGTTTGCGACCTCGATGTCTGCTCATCGCATCCTCCTGGTGAAGAAGCTAGGAAGGGTAGGGCTGTTCGCCCTCTAAGGCGGT"
"120",269,"CAATGTAGTATACAGGCCTCATGTTCTACTACTCTTGTGACCTCGATGTTGAATTAAGAAAACATTAGGTGTAGCAGCTTAAAATGTATTTGTCTGTTCGACAAAATAACTCTT","CAATGTAGTATACAGGCCTCATGTTCTACTACTCTTGTGACCTCGATGTTGAATTAAGAAAACATTAGGTGTAGCAGCTTAAAATGTATTTGTCTGTTCGACAAAATAACTCTT"
"71",265,"TAATCTTCCTGGAGAGGTCTTATCTATAGGAAGGGTTGCGACCTCGATGTTGAATTAAAATTTCCGGGCGAAGCAGCAGGTGCCGTAGGAGGGTTTGTTCAACCTTTAATTTTTT","TAATCTTCCTGGAGAGGTCTTATCTATAGGAAGGGTTGCGACCTCGATGTTGAATTAAAATTTCCGGGCGAAGCAGCAGGTGCCGTAGGAGGGTTTGTTCAACCTTTAATTTTTT"
"17",262,"TAATCCCTCCTAAGAGCCCGCATTGCCGGAGGGGTTTGCGACCTCGATGTTGGATCAGGGAACCCCGATGGTGCAGCCGCTATCAACGGTTGGTCTGTTCGACCATTAAAACCCC","TAATCCCTCCTAAGAGCCCGCATTGCCGGAGGGGTTTGCGACCTCGATGTTGGATCGGGGAACCCCGATGGTGCAGCCGCTATCAACGGTTGGTCTGTTCGACCATTAAAACCCC"
"9",254,"CAACCTCCTTGGATAGCCCACATTGATAAGGACTCTTGTGACCTCGATGTTGAATTACAGGTACTAATTGGTGAAGCAGCCTTTATAGACAGTCTGTTCGACTAATAACCCCTTT","CAACCTCCTTGGATAGCCCACATTGATAAGGACTCTTGTGACCTCGATGTTGAATTACAGGTACTAATTGGTGAAGCAGCCTTTGTAGACAGTCTGTTCGACTAATAACCCCTTT"
"94",242,"TTATTCTACCAAAGAGATCTAATCGAAGGTAGAGTTTGCGACCTCGATGTTGGACTAAGGTAACCTGTAAGTGTAGAAGTTTACAAGGGTAAGCCTGTTCGGCTTTTAAAACCTT","TTATTCTACCAAAGAGATCTAATCGAAGGTAGAGTTTGCGACCTCGATGTTGGACTAAGGTAACCTGTAAGTGTAGAAGTTTACAAGGGTAAGCCTGTTCGGCTTTTAAAACCTT"
"20",241,"CAATCCTCTTTTAGGGCCCATATCGACAAGAGGGTTTACGACCTCGATGTTGGATCAGGACATCCTAATGGTGCAGCCGCTATTAAGGGTTCGTTTGTTCAACGATTAAAGTCCT","CAATCCTCTTTTAGAGCCCATATCGACAAGAGGGTTTACGACCTCGATGTTGGATCAGGACATCCTAATGGTGCAGCCGCTATTAAGGGTTCGTTTGTTCAACGATTAAAGTCCT"
"32",236,"TAATCTTTTTTGAGAGTTCTAATCGACAAAAAGGTTTGCGACCTCGATGTTGGACTAAAATTTAGGCAGGGTGCAGCAGTTCTGCTTTTAGGTCTATTCGACCTATAATATTTT","TAATCTTTTTTGAGAGTTCTAATCGACAAAAAGGTTTGCGACCTCGATGTTGGACTAAAATTTAGGCAGGGTGCAGCAGTTCTGCTTTTAGGTCTGTTCGACCTATAATATTTT"
"19",235,"CAATCCTCTTTTAGAGCCCATATCGACAAGGGGGTTTACGACCTCGATGTTGGATCAGGACATCCTAATGGTGCAGCCACTATTAAGGGTTCGTTTGTTCAACGATTAAAGTCCT","CAATCCTCTTTTAGAGCCCATATCGACAAGGGGGTTTACGACCTCGATGTTGGATCAGGACATCCTAATGGTGCAGCCGCTATTAAGGGTTCGTTTGTTCAACGATTAAAGTCCT"
"33",233,"TTATTTCTTCTGAGAGATCTAATTGAAGAAGAAGATTGCGACCTCGATGTTGGATTAGGATTTCTTGTTGGCGTAGAGGCTGGTTGAGTAGGACTGTTCGTCCTTTAAAATTCT","TTATTTCTTCTGAGAGATCTAATTGAAGAAGAAGATTGCGACCTCGATGTTGGATTAGGATTTCTTGTTGGCGTAGAGGCTAGTTGAGTAGGACTGTTCGTCCTTTAAAATTCT"
"18",233,"CAATCCTATTCTAGAGTCCATATCAACAATAGGGTTTACGACCTCGATGTTGGATCGGGACATCCCGATGGTGCAGCCGCTATTAAAGGTTCGTTTGTTCAACGATTAAAGTCCT","CAATCCTATTCTAGAGTCCATATCAACAATAGGGTTTACGACCTCGATGTTGGATCAGGACATCCCGATGGTGCAGCCGCTATTAAAGGTTCGTTTGTTCAACGATTAAAGTCCT"
"1",231,"CAATTTCTCCCGAAAGATGGTATTGGAGGGGAAGATTGCGACCTCGATGTTGGCTTTAAATATCCTAGAGGCGTAGAAGCTTCTAATGGTGGGTCTGTTCGCCCTTTAAAATCTA","CAATTTCTCCCGAAAGATGGTATTGGAGGGGAAGATTGCGACCTCGATGTTGGCTTTAGATATCCTAGAGGCGTAGAAGCTTCTAATGGTGGGTCTGTTCGCCCTTTAAAATCTA"
"12",230,"CAATTTCTCCCGAAAGATGGTATTGGAGGGGAAGATTGTGACCTCGATGTTGGCTTTAGGTGTCCTAGAGGCGTAAAAGCTTCTAAGGGTGGGTCTGTTCGCCCGTTAAAATCTA","CAATTTCTCCCGAAAGATGGTATTGGAGGGGAAGATTGTGACCTCGATGTTGGCTTTAGGTGTCCTAGAGGCGTAAAAGCTTCTAAGGGTGGGTCTGTTCGCCCTTTAAAATCTA"
"1",222,"CAATTTCTCCCGAAAGATGGTATTGGATGGGAAGATTGCGACCTCGATGTTGGCTTTAGATATCCTAGAGGCGTAGAAGCTTCTAATGGTGGGTCTGTTCGCCCTTTAAAATCTA","CAATTTCTCCCGAAAGATGGTATTGGAGGGGAAGATTGCGACCTCGATGTTGGCTTTAGATATCCTAGAGGCGTAGAAGCTTCTAATGGTGGGTCTGTTCGCCCTTTAAAATCTA"
"36",219,"TTATTTTTCCTGAGAGATCGAATTGAGGGAAAAGTTTGCGACCTCGATGTTGGATTATAGAAACTTTATGGTGCAGCAGCTATAATTGTGAGACTGTTCGTCTTTTCAATCTAT","TTATTTTTCCTGAGAGATCGAATTGAGGGAAAAGTTTGCGACCTCGATGTTGGATTATAGAAACTTTATGGTGCAGCAGCTATAATTGTGAGACTGTTCGTCTTTTAAATCTAT"
"77",216,"CAATCTTCCTGATAAGGCCATATTTAAGGGATGGTTTGCGACCTCGATGTTGAATCAGAATTTCTATTAGGTGTAGCAGCTTAATAAGTGGGACTGTTCGTCCTTTAAAATTCT","CAATCTTCCTGATAAGGCCATATTTAAGGGATGGTTTGCGACCTCGATGTTGAATCAGAATTTCTATTAGGTGTAGCAGCTTAATAAGTGGGACTGTTCGTCCTTTAAAATTCT"
"37",210,"TTATACCTTTTTAGAGCCCCTATCGCCAAAGGTGTTTACGACCTCGATGTTGAATTGAAGTACCTATTTTAAGCAGCCTTAAAGCAAGGAAGTCTGTTCGACTTTTAATTTTTC","TTATACCTTTTTAGAGCCCCTATCGCCAAAGGTGTTTACGACCTCGATGTTGAATTGAAGTACCTATTTTAAGCAGCCTTAAAACAAGGAAGTCTGTTCGACTTTTAATTTTTC"
"7",207,"TAATTTTTTCATAAAGTTCTTATTGAAGAAAAAGTTTGCGACCTCGATGTTGACTTGCTATCTCCTTCTAAGGTGCAGTAGCTGTAAGGGTTAGTCTGTTCGACTATTAAAATAAC","TAATTTTTTCATAAAGTTCTTATTGAAGAAAAAGTTTGCGACCTCGATGTTGACTTGTTATCTCCTTCTAAGGTGCAGTAGCTGTAAGGGTTAGTCTGTTCGACTATTAAAATAAC"
"35",206,"TAATTTTTTTGGAGAGTTCATATCGATAAAAAAGATTGCGACCTCGATGTTGGACTAAGAATTATTTTAAATGCAGAAGTTTAAATTTTAAGTCTGTTCGACTTTTAAATTCTT","TAATTTTTTTGGAGAGTTCATATCGATAAAAAAGATTGCGACCTCGATGTTGGACTAAGAATTATTTTAAATGCAGAAGTTTAAATTTTAAGTCTGTTCGACTTTTAAATTCTT"
"62",203,"CAATCACTCTGATAAGGCCATATTTAAGGAGTGGTTTGCGACCTCGATGTTGAATCAAAATTTCTACTTGGTGTAGCAGCTTAGTTAGTGGGACTGTTCGTCCTTTAAAATTTT","CAATCACTCTGATAAGGCCATATTTAAGGAGTGGTTTGCGACCTCGATGTTGAATCAAAATTTCTACTTGGTGTAGCAGCTTAGTTAGTGGGACTGTTCGTCCTTTAAAATTTT"
"1",195,"CAATTTCTCCCGAAAGATGGTATTGGAGGGGAAGATTGCGACCTCGATGTTGGCTTTAGATATCCTAGAGGCGTAGAAGTTTCTAATGGTGGGTCTGTTCGCCCTTTAAAATCTA","CAATTTCTCCCGAAAGATGGTATTGGAGGGGAAGATTGCGACCTCGATGTTGGCTTTAGATATCCTAGAGGCGTAGAAGCTTCTAATGGTGGGTCTGTTCGCCCTTTAAAATCTA"
"118",185,"TAATGGATTAGGAGAGCCCATATCTATTAATTTTTTGCGACCTCGATGTTGAATTAATAAACCTAAATAAAGCAGTTTTTATTTAAGGGGGTTTGTTCAACCTTTTAATTATT","TAATGGATTAGGAGAGCCCATATCTATTAATTTTTTGCGACCTCGATGTTGAATTAATAAACCTAAATAAAGCAGTTTTTATTTAAGGGGGTTTGTTCAACCTTTTAATTATT"
"42",179,"CGACAAATTAAGAGTTCAAATCTAATCTTTTTATAGCGACCTCGATGTTGAATTAGGGACTAGTTACTAGTAGAAAAGTAATTAACGGGACTGTTTGGCCCTTTCCCCT","CGACAAATTAAGAGTTCAAATCTAATCTTTTTATAGCGACCTCGATGTTGAATTAGGGACTAGTTACTAGTAGAAAAGTAATTAACGGGACTGTTCGGCCCTTTCCCCT"
"40",179,"TAATTTTTTCTGAGAGGCCTAATTGAAGAAAAAGCTTGCGACCTCGATGTTGGATTAGGGTTTCTGTTTGGCGTAGGAGCTAAATAAGTAGGATTGTTCGTCCTTTAAAACCCT","TAATTTTTTCTGAGAGGCCTAATTGAAGAAAAAGCTTGCGACCTCGATGTTGGATTAGGGTTTCTGTTTGGCGTAGGAGCTAAATAAGTAGGACTGTTCGTCCTTTAAAACCCT"
"46",177,"TAATTCTTTATGAGCTTGCGACCTCGATGTTGGACTAGGAATTTGGCAGGCTAGCCGCCTGTTTATATTGTTCTGTTCGAACTATTTTTCCT","TAATTCTTTATGAGCTTGCGACCTCGATGTTGGACTAGGAATTTGGTAGGCTAGCCGCCTGTTTATATTGTTCTGTTCGAACTATTTTTCCT"
"2",175,"TAATTTGGTTCCCGAAATATCTTATTAAGGGAAGAGTGTGCGACCTCGATGTTGAATTAAAGGAGCTTTTTGGTTGAAAATGCTAAAAGGGCAAAACTGTTCGTTTTTTAATCCTTT","TAATTTGGTTCCCGAAAGATCTTATTAAGGGAAGAGTGTGCGACCTCGATGTTGAATTAAAGGAGCTTTTTGGTTGAAAATGCTAAAAGGGCAAAACTGTTCGTTTTTTAATCCTTT"
"1",175,"CAATTTCTCCCGAAAGATGGTATTGGAGGGGAAGATTGCGACCTCGATGTTGGCTTTAGATATCCTAGAGGCGTAGAAGCTTCTAATGGTGGGTCTGTTGGCCCTTTAAAATCTA","CAATTTCTCCCGAAAGATGGTATTGGAGGGGAAGATTGCGACCTCGATGTTGGCTTTAGATATCCTAGAGGCGTAGAAGCTTCTAATGGTGGGTCTGTTCGCCCTTTAAAATCTA"
"39",174,"TAATCTTTTTTGAGAGTTCTAATCGACAAAAAGGTTTGCGACCTCGATGTTGGACTAAAATTTAGATGTGGTGCAGCAGCTACATTTTAGGGTCTGTTCGACCCGTAATATTTT","TAATCTTTTTTGAGAGTTCTAATCGACAAAAAGGTTTGCGACCTCGATGTTGGACTAAAATTTAGATGTGGTGCAGCAGCTACATTTTAGGGTCTGTTCGACCCATAATATTTT"
"30",173,"TGCCTGTTAAAATAGTTCATATAAAAATAACAGATAACAACCTCGATGTTGAATTAAGTAATCCTAAAATAGAAAAAGATTTTAAGGAAGGGTCTGTTCGACCCATAGCTACTT","TGCCTGTTAAAATAGTTCATATAAAAATAACAGATAACGACCTCGATGTTGAATTAAGTAATCCTAAAATAGAAAAAGATTTTAAGGAAGGGTCTGTTCGACCCATAGCTACTT"
"12",172,"CAATTTCTCCCGAAAGATGGTATTGGAGGGGAAGATTGTGACCTCGATGTTGACTTTAGGTGTCCTAGAGGCGTAAAAGCTTCTAAGGGTGGGTCTGTTCGCCCTTTAAAATCTA","CAATTTCTCCCGAAAGATGGTATTGGAGGGGAAGATTGTGACCTCGATGTTGGCTTTAGGTGTCCTAGAGGCGTAAAAGCTTCTAAGGGTGGGTCTGTTCGCCCTTTAAAATCTA"
"17",161,"TAATCCCTCCTAAGAGCCCGCATTGCCGGAGGGGTTTGCGACCCCGATGTTGGATCGGGGAACCCCGATGGTGCAGCCGCTATCAACGGTTGGTCTGTTCGACCATTAAAACCCC","TAATCCCTCCTAAGAGCCCGCATTGCCGGAGGGGTTTGCGACCTCGATGTTGGATCGGGGAACCCCGATGGTGCAGCCGCTATCAACGGTTGGTCTGTTCGACCATTAAAACCCC"
"9",160,"CAACCTCCTTGGATAGCCCACATTGATAAGGACTCTTGTGACCTCGATGTTGAATTACAGGTACTAATTGGTGAAGCAGCCTTTGTAGCCAGTCTGTTCGACTAATAACCCCTTT","CAACCTCCTTGGATAGCCCACATTGATAAGGACTCTTGTGACCTCGATGTTGAATTACAGGTACTAATTGGTGAAGCAGCCTTTGTAGACAGTCTGTTCGACTAATAACCCCTTT"
"6",158,"CAATCCCTTCTTAGAGCCCATATCGACGAAGGGGTTTACGACCTCGATGTTGGATCAGGACATCCTAATGGTGCAGCCGCTATTAGGGGTTCGTTTGTTCAACGATTAATAGTCCT","CAATCCCTTCTTAGAGCCCATATCGACGAAGGGGTTTACGACCTCGATGTTGGATCAGGACATCCTAATGGTGCAGCCGCTATTAAGGGTTCGTTTGTTCAACGATTAATAGTCCT"
"45",151,"TAATTCTTTACGAGCTTGCGACCTCGATGTTGGACTAGGAATTTGGTAGGCTAGCCGCCTATTTATATTGTTCTGTTCGAACTATTTTTCCT","TAATTCTTTATGAGCTTGCGACCTCGATGTTGGACTAGGAATTTGGTAGGCTAGCCGCCTATTTATATTGTTCTGTTCGAACTATTTTTCCT"
"4",144,"TAATCTTTTTTGAGAGTTCTTATCGAAAAATAGGTTTGTGACCTCGATGTTGGACTAGAATATCCTGATAGATGCAGCTGTCTTCAAGGGTTGGTCTGTTCGACCATTAAAATTCT","TAATCTTTTTTGAGAGTTCTTATCGAAAAATAGGTTTGTGACCTCGATGTTGGACTAGAATATCCTGATAGATGCAGCTGTCTTCAAGGGTTGGTCTGTTCGACCATTAAAATTCT"
"38",132,"TTATTTCTTCAGAAAGATTATATTTATGAAGAAGATTGCGACCTCGATGTTGAATTAAAAGATCACTAGGGGGTAGAAAGTCTAGAAGAGGGTTTGTTCAACCTTTAAAATTTT","TTATTTCTTCAGAAAGATCATATTTATGAAGAAGATTGCGACCTCGATGTTGAATTAAAAGATCACTAGGGGGTAGAAAGTCTAGAAGAGGGTTTGTTCAACCTTTAAAATTTT"
"16",125,"TTATCTTTTTTTAGAGAACTAATCGAAAAAAAGGTTTGCGACCTCGATGTTGGATTTGGGTAGCCATTTGGTTGTAAGGGCTAAAAGGGTAGGACTGTTCGTCCTTTAAAACTCA","TTATCTTTTTTTAGAGAACTAATCGAAAAAAAGGTTTGCGACCTCGATGTTGGATTTGGGTAGCCATTTGGTTGTAGGGGCTAAAAGGGTAGGACTGTTCGTCCTTTAAAACTCA"
"44",121,"TAATTCTTTATGAGCTTGCGACCTCGATGTTGGACTAGGAATTTGGTAGGCTAGCCGCCCATTCATATTGTTCTGTTCGAACTATTTTTCCT","TAATTCTTTATGAGCTTGCGACCTCGATGTTGGACTAGGAATTTGGTAGGCTAGCCGCCCATTTATATTGTTCTGTTCGAACTATTTTTCCT"
"2",120,"TAATTTGGTTCCCGAAAGATCTTATTAAGGGAAGAGTGTGCGACCTCGATGTTGAATTAAAGGAGCTTTTTGGTTGAAAATGCTAAAAGGGCAAAACTGTTCGTCTTTTAATCCTTT","TAATTTGGTTCCCGAAAGATCTTATTAAGGGAAGAGTGTGCGACCTCGATGTTGAATTAAAGGAGCTTTTTGGTTGAAAATGCTAAAAGGGCAAAACTGTTCGTTTTTTAATCCTTT"
"32",118,"TAATCTTTTTTGAGAGTTCTAATCGACAAAAAGGTTTGCGACCTCGATGTTGGACTAAAGTTTAGGCAGGGTGCAGCAGTTCTGCTTTTAGGTCTGTTCGACCTATAATATTTT","TAATCTTTTTTGAGAGTTCTAATCGACAAAAAGGTTTGCGACCTCGATGTTGGACTAAAATTTAGGCAGGGTGCAGCAGTTCTGCTTTTAGGTCTGTTCGACCTATAATATTTT"
"107",116,"TTATTGTTATTAAAGATCTTATTAAAATAATAGTTTGCGACCTCGATGTTGAATTGCGGTGTGTGATCAGAGTAGAAATTGTTCTCCATAGGTCTGTTCGACCTTTTACCCGC","TTATTGTTATTAAAGATCTTATTAAAATAATAGTTTGCGACCTCGATGTTGAATTGCGGTGTGTGATCAGAGTAGAAATTGTTCTCCATAGGTCTGTTCGACCTTTTACCCGC"
"52",113,"TAATTCTTTTGAGTTTGCGACCTCGATGTTCGACTAGGAATTTAATCGGCTAGCCGCCTGTTAACATTGTTCTGTTCGAACAGTTTTTCCT","TAATTCTTTTGAGTTTGCGACCTCGATGTTGGACTAGGAATTTAATCGGCTAGCCGCCTGTTAACATTGTTCTGTTCGAACAGTTTTTCCT"
"106",110,"CAATCTCTTTGTCGAGGTCATATTAGAGAAGGGGTTTGCGACCTCGATGTTGAATCAGAATTCCTATCAGGCGGAGAGGTTTGGTAAGTGGGACTGTTCGTCCTTTGAAATTCT","CAATCTCTTTGTCGAGGTCATATTAGAGAAGGGGTTTGCGACCTCGATGTTGAATCAGAATTCCTATCAGGCGGAGAGGTTTGGTAAGTGGGACTGTTCGTCCTTTGAAATTCT"
"121",104,"TAATAACCATCAAGAGACCAAATTAGGGTGGGTGTTGACGACCTCGATGTTGGATTAAGGAATCTCCGCGGTGCAGCCGCTGCGGTAGAAAGTCTGTTCGACTTTTGAACCCTT","TAATAACCATCAAGAGACCAAATTAGGGTGGGTGTTGACGACCTCGATGTTGGATTAAGGAATCTCCGCGGTGCAGCCGCTGCGGTAGAAAGTCTGTTCGACTTTTGAACCCTT"
"15",94,"CAATCCTCTCCCAGAGTCCCTATCGACGGGGGGGTTTACGACCTCGATGTTGGATCAGGACATCCTATTGGTGCAGCCGCTAATAAGGGTTCGTTTGTTCAACGATTAAAGTCCT","CAATCCTCTCCCAGAGTCCCTATCGACGAGGGGGTTTACGACCTCGATGTTGGATCAGGACATCCTATTGGTGCAGCCGCTAATAAGGGTTCGTTTGTTCAACGATTAAAGTCCT"
"1",86,"CAATTTCTCCCGAAAGATGGTATTGGAGGGGAAGGTTGCGACCTCGATGTTGGCTTTAGATATCCTAGAGGCGTAGAAGCTTCTAATGGTAGGTCTGTTCGCCCTTTAAAATCTA","CAATTTCTCCCGAAAGATGGTATTGGAGGGGAAGATTGCGACCTCGATGTTGGCTTTAGATATCCTAGAGGCGTAGAAGCTTCTAATGGTGGGTCTGTTCGCCCTTTAAAATCTA"
"31",82,"TTATCCCTTTTTAGAGATCAAATCAAGAAAGGGGCTTGCGACCTCGATGTTGGATTAGAGGTTCCTTTTGGTGCAGAAGCTAAAATGGAGAGACTGTTCGTCTTTTAATTCTCT","TTATCCCTTTTTAGAGATCAAATCAAGAAAGGGGCTTGCGACCTCGATGTTGGATTAGAGGTTCCTTTTGGTGCAGAAGCTAAAATGGAGAGACTGTTCGTCTTTTAATTCTCT"
"1",82,"CAATTTCTCCCGAAAGATGGTATTGGAGGGGAAGATTGCGACCTCGATGTTGACTTTAGATATCCTAGAGGCGTAGAAGCTTCTAATGGTGGGTCTGTTCGCCCTTTAAAATCTA","CAATTTCTCCCGAAAGATGGTATTGGAGGGGAAGATTGCGACCTCGATGTTGGCTTTAGATATCCTAGAGGCGTAGAAGCTTCTAATGGTGGGTCTGTTCGCCCTTTAAAATCTA"
"100",81,"TTATCTTCCTTGAGAGAACAAATTGAAGGGGAGGTTTGCGACCTCGATGTTGGATTAGAGTTTCCTTTTGGCGCAGAAGCTTAAAGGGTAAGACTGTTCGTCTTTTAAAGCTTT","TTATCTTCCTTGAGAGAACAAATTGAAGGGGAGGTTTGCGACCTCGATGTTGGATTAGAGTTTCCTTTTGGCGCAGAAGCTTAAAGGGTAAGACTGTTCGTCTTTTAAAGCTTT"
"51",77,"TAATTCTTTTGAGTTTGCGACCTCGATGTTGGACTAGGAATTTAACCGGCTAGCCGCCTGTTAACATTGTTCTGTTCGAACAGCTTTTCCT","TAATTCTTTTGAGTTTGCGACCTCGATGTTGGACTAGGAATTTAACCGGCTAGCCGCCTGTTAACATTGTTCTGTTCGAACAGTTTTTCCT"
"37",77,"TTATACCTTTTTAGAGCCCCTATCGCCAAAGGTGTTTACGACCTCGATGTTGAATTGAAATACCTATTTTAAGCAGCCTTAAAATAAGGAAGTCTGTTCGACTTTTAATTTTTC","TTATACCTTTTTAGAGCCCCTATCGCCAAAGGTGTTTACGACCTCGATGTTGAATTGAAGTACCTATTTTAAGCAGCCTTAAAACAAGGAAGTCTGTTCGACTTTTAATTTTTC"
"1",77,"CAATTTCTCCCGAAAGATGGTATTGGAGGGGAAGATTGCGACCTCGATATTGGCTTTAGATATCCTAGAGGCGTAGAAGCTTCTAATGGTGGGTCTGTTCGCCCTTTAAAATCTA","CAATTTCTCCCGAAAGATGGTATTGGAGGGGAAGATTGCGACCTCGATGTTGGCTTTAGATATCCTAGAGGCGTAGAAGCTTCTAATGGTGGGTCTGTTCGCCCTTTAAAATCTA"
"1",73,"CAATTTCTCCCGAAAGATGGTATTGGAGGGGAAGATTGCGACCTCGATGTTGGCTTTAGATATACTAGAGGCGTAGAAGCTTCTAATGGTGGGTCTGTTCGCCCTTTAAAATCTA","CAATTTCTCCCGAAAGATGGTATTGGAGGGGAAGATTGCGACCTCGATGTTGGCTTTAGATATCCTAGAGGCGTAGAAGCTTCTAATGGTGGGTCTGTTCGCCCTTTAAAATCTA"
"76",68,"CAATCTTCTTGATAAGGCCATATTTAAGAGATGGTTTGCGACCTCGATGTTGAATCAGGATAATCTATTAGGTGTAGCAGCTTTGTAAGTGGGACTGTTCGTCCTTTAAAATCCT","CAATCTTCTTGATAAGGCCATATTTAAGAGATGGTTTGCGACCTCGATGTTGAATCAGGATAATCTATTAGGTGTAGCAGCTTTGTAAGTGGGACTGTTCGTCCTTTAAAATCCT"
"42",66,"CGACAAATTAAGAGTTCAAATCTAATCTTTTTATAGCGACCTCGATGTTGAATTAGGGACTAGTTACTAGTAGAAGAGTAATTAACGGGACTGTTCGGCCCTTTCCCCT","CGACAAATTAAGAGTTCAAATCTAATCTTTTTATAGCGACCTCGATGTTGAATTAGGGACTAGTTACTAGTAGAAAAGTAATTAACGGGACTGTTCGGCCCTTTCCCCT"
"14",66,"TTATCTTCTTTTAGAGGACTAATCGAAAAGAAGGTTTGCGACCTCGATGTTGGATTTGGGTATCTGTCTGGTTGCAGGAGCTAGAGGAGTAGGACTGTTCGTCCTTTAAAACCCA","TTATCTTCTTTTAGAGGACTAATCGAAAAGAAGGTTTGCGACCTCGATGTTGGATTTGGGTATCTGTCTGGTTGCAGGAGCTAGAGGAGTAGGACTGTTCGTCCTTTAAAACTCA"
"72",65,"CAATCACTTTGATAAGGCCATATTTAAGAAGTGGTTTGCGACCTCGATGTTGAATCAGAATACCTACTTGGTGTAGCAGCTAAGGAAGTGGGACTGTTCGTCCTTTAAAATTTT","CAATCACTTTGATAAGGCCATATTTAAGAAGTGGTTTGCGACCTCGATGTTGAATCAGAATACCTACTTGGTGTAGCAGCTAAGGAAGTGGGACTGTTCGTCCTTTAAAATTTT"
"74",62,"TTATTTCTTTTGAGAGTTCTTATTGAAAAAGAAGTTTGCGACCTCGATGTTGAATTAAAGAATCTTTATAGTGCAGCAGTTATAAAAAGAAGGTCTGTTCGACCTTTAAATCTTT","TTATTTCTTTTGAGAGTTCTTATTGAAAAAGAAGTTTGCGACCTCGATGTTGAATTAAAGAATCTTTATAGTGCAGCAGTTATAAAAAGAAGGTCTGTTCGACCTTTAAATCTTT"
"12",62,"CAATTTCTCCCGAAAGATGGTATTGGAGGGGAAGATTGTGACCTCGATGTTGGCTTTAGGTGTCCTAGAGGCGTAAAAGCTTCTAAGGGTGGGTCTGTTCGCCCTTTAAAGTCTA","CAATTTCTCCCGAAAGATGGTATTGGAGGGGAAGATTGTGACCTCGATGTTGGCTTTAGGTGTCCTAGAGGCGTAAAAGCTTCTAAGGGTGGGTCTGTTCGCCCTTTAAAATCTA"
"70",61,"TAATTTTCTCGGAGAGATCTTATCTATGGGAAGGGTTGCGACCTCGATGTTGAATTAAAATTTCCAGGTGAAGCAGCAGGTGCCTTAGGAGGGTTTGTTCAACCTTTAATTTTTT","TAATTTTCTCGGAGAGATCTTATCTATGGGAAGGGTTGCGACCTCGATGTTGAATTAAAATTTCCAGGTGAAGCAGCAGGTGCCTTAGGAGGGTTTGTTCAACCTTTAATTTTTT"
"36",61,"TTATTTTTCCTGAGAGATCGAATTGAGGGAAAAGTTTGCGACCTCGATGTTGGATTATAGAAACTTTATGGTGCAGCAGCTATAATTGTGAGACTGTTCGTCTTTTAAACCTAT","TTATTTTTCCTGAGAGATCGAATTGAGGGAAAAGTTTGCGACCTCGATGTTGGATTATAGAAACTTTATGGTGCAGCAGCTATAATTGTGAGACTGTTCGTCTTTTAAATCTAT"
"13",60,"TAATCCTCCCGGCGAGACCACATTAAGGGGAGGGTTTGCGACCTCGATGTTGGCTTAGGGCTTCCTAGAAGTGCAGGGGCTTCTAAGGGTTGGTCCGTTCGACCATTAAAGCCTT","TAATCCTCCCGGCGAGACCACATTAAGGGGAGGGTTTGCGACCTCGATGTTGGCTTAGGGCTTCCTAGAAGTGCAGGGGCTTCTAAGGGTTGGTCTGTTCGACCATTAAAGCCTT"
"12",58,"CAATTTCTCCCGAAAGATGGTATTGGAGGGGAAGATTGTGACCTCGATGTTGGCTTTAGGTGTCCTAGAGGCGTAAAAGCTTCTAGGGGTGGGTCTGTTCGCCCTTTAAAATCTA","CAATTTCTCCCGAAAGATGGTATTGGAGGGGAAGATTGTGACCTCGATGTTGGCTTTAGGTGTCCTAGAGGCGTAAAAGCTTCTAAGGGTGGGTCTGTTCGCCCTTTAAAATCTA"
"60",57,"TTATAATTAATAAAGTTCATATTGAATTAATTGTTTGCGACCTCGATGTTGAATTGCGGAGTGCTGATAGAGTAGAAATTATCAAGCTACGGGTCTGTTCGACCCTTTTTACCCGC","TTATAATTAATAAAGTTCATATTGAATTAATTGTTTGCGACCTCGATGTTGAATTGCGGAGTGCTGATAGAGTAGAAATTATCAAGCTACGGGTCTGTTCGACCCTTTTTACCCGC"
"7",57,"TAATTTTTTCATAAAGTTCTTATCGAAGAAAAAGTTTGCGACCTCGATGTTGACTTGTTATCTCCTTCTAAGGTGCAGTAGCTGTAAGGGTTAGTCTGTTCGACTATTAAAATAAC","TAATTTTTTCATAAAGTTCTTATTGAAGAAAAAGTTTGCGACCTCGATGTTGACTTGTTATCTCCTTCTAAGGTGCAGTAGCTGTAAGGGTTAGTCTGTTCGACTATTAAAATAAC"
"32",56,"TAATCTTTTTTGAGAGTTCTAATCGACAAAAAGGTTTGCGACCTCGATGTTGGACTAAAATTTAGGCAAGGTGCAGCAGTTCTGCTTTTAGGTCTGTTCGACCTATAATATTTT","TAATCTTTTTTGAGAGTTCTAATCGACAAAAAGGTTTGCGACCTCGATGTTGGACTAAAATTTAGGCAGGGTGCAGCAGTTCTGCTTTTAGGTCTGTTCGACCTATAATATTTT"
"32",56,"TAATCTTTTTTGAGAGTTCTAATCGACAAAAAGGTTTGCGACCTCGATGTTGGACTAAAATTTAGGCAGGGTGCAGCAGTTCTGCTTTACGGTCTGTTCGACCTATAATATTTT","TAATCTTTTTTGAGAGTTCTAATCGACAAAAAGGTTTGCGACCTCGATGTTGGACTAAAATTTAGGCAGGGTGCAGCAGTTCTGCTTTTAGGTCTGTTCGACCTATAATATTTT"
"80",51,"TAATCTTTCTGGAGAGATCTAATCGAAAGAAGGGTTTGCGACCTCGATGTTGGACTAAGGTATCCTAAGGGTGTAGAAGTTCTTGAGGGTTGGTCTGTTCGACCATTAAAACCTT","TAATCTTTCTGGAGAGATCTAATCGAAAGAAGGGTTTGCGACCTCGATGTTGGACTAAGGTATCCTAAGGGTGTAGAAGTTCTTGAGGGTTGGTCTGTTCGACCATTAAAACCTT"
"6",48,"CAATCCCTTCTTAGAGCCCATATCGACGAAGGGGTTTACGACCTCGATGTTGGATCAGGACATCCTAATGGTGCAGCCGCTATTAAGGGTTCGTTTGTTCAATGATTAATAGTCCT","CAATCCCTTCTTAGAGCCCATATCGACGAAGGGGTTTACGACCTCGATGTTGGATCAGGACATCCTAATGGTGCAGCCGCTATTAAGGGTTCGTTTGTTCAACGATTAATAGTCCT"
"35",46,"TAATTTTTTTGGAGAGTTCTTATCGATAAAAAAGATTGCGACCTCGATGTTGGACTAAGAATTATTTTAAATGCAGAAGTTTAAATTTTAAGTCTGTTCGACTTTTAAATTCTT","TAATTTTTTTGGAGAGTTCATATCGATAAAAAAGATTGCGACCTCGATGTTGGACTAAGAATTATTTTAAATGCAGAAGTTTAAATTTTAAGTCTGTTCGACTTTTAAATTCTT"
"79",44,"TAATCTTTTTTTAGAGTTCTTATCAAAAAAAGGGTTTGCGACCTCGATGTTGGACTAAGGTATCCTAAAGGTGTAGAAGCTTTTGATGGTAGGTCTGTTCGACCTTTAAAACCTT","TAATCTTTTTTTAGAGTTCTTATCAAAAAAAGGGTTTGCGACCTCGATGTTGGACTAAGGTATCCTAAAGGTGTAGAAGCTTTTGATGGTAGGTCTGTTCGACCTTTAAAACCTT"
"34",43,"CAATGTCTTTTCAGAGCCCTCATCGGCAAAGACGTTTACGACCTCGATGTTGAATTGAAGAACCTACGTGAGGCAGCCCTCACGAAAGGAAGTCTGTTCGACTTTTAATCCTTC","CAATGTCTTTTCAGAGCCCTCATCGGCAAAGACGTTTACGACCTCGATGTTGAATTGAAGAACCTACGTGAAGCAGCCCTCACGAAAGGAAGTCTGTTCGACTTTTAATCCTTC"
"89",39,"TAATCTCTTTTGAGAGTCCTTATCAAAAAAGGGGGTTGCGACCTCGATGTTGGATTAGGGTATCCCAAGGATGCAGCAGTTCTTAAAGGTTGGTCTGTTCGACCATTAAAACCCT","TAATCTCTTTTGAGAGTCCTTATCAAAAAAGGGGGTTGCGACCTCGATGTTGGATTAGGGTATCCCAAGGATGCAGCAGTTCTTAAAGGTTGGTCTGTTCGACCATTAAAACCCT"
"33",38,"TTATTTCTTCTGAGAGATCTAATTGAAGAAGAAGATTGCGACCTCGATGCTGGATTAGGATTTCTTGTTGGCGTAGAGGCTGGTTGAGTAGGACTGTTCGTCCTTTAAAATTCT","TTATTTCTTCTGAGAGATCTAATTGAAGAAGAAGATTGCGACCTCGATGTTGGATTAGGATTTCTTGTTGGCGTAGAGGCTAGTTGAGTAGGACTGTTCGTCCTTTAAAATTCT"
"56",35,"TAATTCTTTTGAGTTTGCGACCTCGATGTTAGACTAGGAATTTAACCGGCTAGCCGCCTGTTAACATTGTTCTGTTCGAGCAGTTTTTCCT","TAATTCTTTTGAGTTTGCGACCTCGATGTTGGACTAGGAATTTAATCGGCTAGCCGCCTGTTAACATTGTTCTGTTCGAGCAGTTTTTCCT"
"11",35,"CAATTTCTCCCGAAAGATGGTATTGGAGGGGAAGATTGTGACCTCGATGTTGGCTTTAGGTGTCCTGGAGGCGTAAAAGCTTCTAAAGGTGGGTCTGTTCGCCCTTTAAAATCTA","CAATTTCTCCCGAAAGATGGTATTGGAGGGGAAGATTGTGACCTCGATGTTGGCTTTAGGTGTCCTAGAGGCGTAAAAGCTTCTAAAGGTGGGTCTGTTCGCCCTTTAAAATCTA"
"113",34,"TAATACCTTCAGAGAGATCCTATTGATGAAGGAGGTTGTGACCTCGATGTTGAATTAAAGAAGATTTTCTTTTGTAGAAGAAAGAAGATTAGGTCTGTTCGACCTTTAATGCTTT","TAATACCTTCAGAGAGATCCTATTGATGAAGGAGGTTGTGACCTCGATGTTGAATTAAAGAAGATTTTCTTTTGTAGAAGAAAGAAGATTAGGTCTGTTCGACCTTTAATGCTTT"
"88",33,"TAATCTTTTCAGAGAGTTCTTATTGAAGAAAAGGATTGCGACCTCGATGTTGACTTGCTTTTTCCTTTTAAGGTGTAGACGCTAAAAGGGTTGGTCTGTTCGACCATTAAAATAGT","TAATCTTTTCAGAGAGTTCTTATTGAAGAAAAGGATTGCGACCTCGATGTTGACTTGCTTTTTCCTTTTAAGGTGTAGACGCTAAAAGGGTTGGTCTGTTCGACCATTAAAATAGT"
"64",32,"TAATTTTTTTTAAGAGCCCATATCTACAAAAAAGTTTGCGACCTCGATGTTGCCTTAGGATACCCCAAAGGTGCAGCAACTTTTAACGGTTGGTCTGTTAGCCCATTAAAATCCCT","TAATTTTTTTTAAGAGCCCATATCTACAAAAAAGTTTGCGACCTCGATGTTGCCTTAGGATACCCCAAAGGTGCAGCAACTTTTAACGGTTGGTCTGTTAGCCCATTAAAATCCCT"
"32",32,"TAATCTTTTTTGAGAGTTCTAATCGACAAAAAGGTTTGCGACCTCGATGTTGGACTAAAATTTAGGCAGGGTGCAGCAGTGCTGCTTTTAGGTCTGTTCGACCTATAATATTTT","TAATCTTTTTTGAGAGTTCTAATCGACAAAAAGGTTTGCGACCTCGATGTTGGACTAAAATTTAGGCAGGGTGCAGCAGTTCTGCTTTTAGGTCTGTTCGACCTATAATATTTT"
"108",30,"TAATCCTCTTTGCAAGTTCATATTAAAAAGAGATTTTGCGACCTCGATGTTGGACTAAAATATCCTAAAGATGCAGAAGTCTTTAAGGGTTGGAGCGTTCTCCCATTAAAATTTT","TAATCCTCTTTGCAAGTTCATATTAAAAAGAGATTTTGCGACCTCGATGTTGGACTAAAATATCCTAAAGATGCAGAAGTCTTTAAGGGTTGGAGCGTTCTCCCATTAAAATTTT"
"10",28,"TAATTTTTTTGGAGAGTTCATATTGATAAAAAAGTTTGCGACCTCGATGTTGGATCGAGATTTCCTAGAGATGCAGCAGTTTCTAAGGGTTGGTCTGTTCGACCATTAAAATCTT","TAATTTTTTTGGAGAGTTCATATTGATAAAAAAGTTTGCGACCTCGATGTTGGATCGAGATTTCCTAGAGATGCAGCAGTTTCTGAGGGTTGGTCTGTTCGACCATTAAAATCTT"
"9",28,"CAACCTCCTTGGATAGCCCACATTGATAAGTACTCTTGTGACCTCGATGTTGAATTACAGGTACTAATTGGTGAAGCAGCCTTTGTAGACAGTCTGTTCGACTAATAACCCCTTT","CAACCTCCTTGGATAGCCCACATTGATAAGGACTCTTGTGACCTCGATGTTGAATTACAGGTACTAATTGGTGAAGCAGCCTTTGTAGACAGTCTGTTCGACTAATAACCCCTTT"
"116",24,"TTAAATAATTTTAAGTTCTTATTTAAATTTTTTCTTACGACCTCGATGTTGAATTAAGAAATGTAGTAGTGTAGAAGCTAATTATATGAAGTCTGTTCGACTTGAGTTTTCTT","TTAAATAATTTTAAGTTCTTATTTAAATTTTTTCTTACGACCTCGATGTTGAATTAAGAAATGTAGTAGTGTAGAAGCTAATTATATGAAGTCTGTTCGACTTGAGTTTTCTT"
"5",23,"TCATTTTTCTTTATAGTCCAAATTGAAAGAAAAGTTTACGACCTCGATGTTGGATTAAGGTGACCAGGGGGCGTAGGGGCTCCCTAAGGTTGGTTTGTTCGCCCATAAAAACCCTT","TCATTTTTCTTTATAGTCCAAATTGAAAGAAAAGTTTACGACCTCGATGTTGGATTAAGGTGACCAGGGGGCGTAGGGGCTCCCTAAGGTTGGTTTGTTCGCCCATAAAAACCCTT"
"115",22,"CAAGATAACCCGAGAGATCTTATCGAAGGTTGTATTTGTGACCTCGATGTTGGATTAGAGCAGACCTCTTGGCGTAGAAGTTAAGATAGGTGGGACTGTTCGTCCCTTAATTCTCT","CAAGATAACCCGAGAGATCTTATCGAAGGTTGTATTTGTGACCTCGATGTTGGATTAGAGCAGACCTCTTGGCGTAGAAGTTAAGATAGGTGGGACTGTTCGTCCCTTAATTCTCT"
"43",22,"TAATTCTTTATGAGCTTGCGACCTCGATGTCGGACTAGGAATTTGGCAGGCTAGCCGCCTATTTATATTGTTCTGTTCGAACTATTTTTCCT","TAATTCTTTATGAGCTTGCGACCTCGATGTTGGACTAGGAATTTGGCAGGCTAGCCGCCTATTTATATTGTTCTGTTCGAACTATTTTTCCT"
"90",20,"TAATTCTTTTTAAGAGATCTTATTGAGGGAAGAGTTTGCGACCTCGATGTTGGATTAGAAAAACTTTTTGGTGTAGCAGCTAGAAGTTGTAAGACTGTTCGTCTTTTAATTTTCT","TAATTCTTTTTAAGAGATCTTATTGAGGGAAGAGTTTGCGACCTCGATGTTGGATTAGAAAAACTTTTTGGTGTAGCAGCTAGAAGTTGTAAGACTGTTCGTCTTTTAATTTTCT"
"31",19,"TCATCCCTTTTTAGAGATCAAATCAAGAAAGGGGCTTGCGACCTCGATGTTGGATTAGAGGTTCCTTTTGGTGCAGAAGCTAAAATGGAGAGACTGTTCGTCTTTTAATTCTCT","TTATCCCTTTTTAGAGATCAAATCAAGAAAGGGGCTTGCGACCTCGATGTTGGATTAGAGGTTCCTTTTGGTGCAGAAGCTAAAATGGAGAGACTGTTCGTCTTTTAATTCTCT"
"119",19,"TAAAAACTTTTATAGTTCTTATAGAATAAGTTATTTGTGACCTCGATGTTGAATTAAGAAAAAAGCTAAATGGAGAAATTTAAGCGAGACTATCTGTTCGATAGATAAATTCTT","TAAAAACTTTTATAGTTCTTATAGAATAAGTTATTTGTGACCTCGATGTTGAATTAAGAAAAAAGCTAAATGGAGAAATTTAAGCGAGACTATCTGTTCGATAGATAAATTCTT"
"82",17,"CAATGTTCTTATTAAGCACTAATTTGAGAGGGCGATTGCGACCTCGATGTTGAATCAGGGTATCTACCAGGTGTAGCAGCTTGGTAAGTGGGACTGTTCGTCCTTTGAAACCTT","CAATGTTCTTATTAAGCACTAATTTGAGAGGGCGATTGCGACCTCGATGTTGAATCAGGGTATCTACCAGGTGTAGCAGCTTGGTAAGTGGGACTGTTCGTCCTTTGAAACCTT"
"54",13,"CAATCATTTTGAAAAGGCCATATTTAAGGAGTGGTTTGCGACCTCGATGTTGAATCAAAATTTCTACTTGGTGTAGCAGCTAAGTTAGTGGGACTGTTCGTCCTTTAAAATTTT","CAATCATTCTGATAAGGCCATATTTAAGGAGTGGTTTGCGACCTCGATGTTGAATCAAAATTTCTACTTGGTGTAGCAGCTAAGTTAGTGGGACTGTTCGTCCTTTAAAATTTT"
"10",12,"TAATTTTTTTGGAGAGTTCATATTGATAAAAAAGTTTGCGACCTCGATGTTGGATCGAGATTTCCTGGAGATGCAGCAGTTTCCAAGGGTTGGTCTGTTCGACCATTAAAATCTT","TAATTTTTTTGGAGAGTTCATATTGATAAAAAAGTTTGCGACCTCGATGTTGGATCGAGATTTCCTAGAGATGCAGCAGTTTCTGAGGGTTGGTCTGTTCGACCATTAAAATCTT"
"5",11,"TTATTTTTCTTTATAGTCCAAATTGAAAGAAAAGTTTACGACCTCGATGTTGGATTAAGGTGACCAGGGGGCGTAGGGGCTCCCTAAGGTTGGTTTGTTCGCCCATAAAAACCCTT","TCATTTTTCTTTATAGTCCAAATTGAAAGAAAAGTTTACGACCTCGATGTTGGATTAAGGTGACCAGGGGGCGTAGGGGCTCCCTAAGGTTGGTTTGTTCGCCCATAAAAACCCTT"
"101",8,"CAATCCTATTCTAGAATCCATATCGACAACAGGATTTACAACTTTGATGTTGGATCAGGACATCCTAATGGTGTAGCCGCTATTAAGCGTTCATTTGATTAAAGTCCT","CAATCCTATTCTAGAATCCATATCGACAACAGGATTTACAACTTTGATGTTGGATCAGGACATCCTAATGGTGTAGCCGCTATTAAGCGTTCATTTGATTAAAGTCCT"
"57",6,"TAATCTTTTTGGAGAGTTCTAATCGATAAAAAGGTTTGCGACCTCGATGTTGGATTAAGAAATTGGCAAGGTGCAGAAGTTTTGTTGGAAAGTCTGTTCGACTTTTAATTTCTT","TAATCTTTTTGGAGAGTTCTTATCGATAAAAAGGTTTGCGACCTCGATGTTGGATTAAGAAATTAGCAAGGTGCAGAAGTTTTGTTGGAAAGTCTGTTCGACTTTTGATTTCTT"
"4",6,"TAATCTTTTTTAAGAGTTCTTATCGAAAAATAGGTTTGTGACCTCGATGTTGGACTAGAATATCCTGATAGATGCAGCTGTCTTCAAGGGTTGGTCTGTTCGACCATTAAAATTCT","TAATCTTTTTTGAGAGTTCTTATCGAAAAATAGGTTTGTGACCTCGATGTTGGACTAGAATATCCTGATAGATGCAGCTGTCTTCAAGGGTTGGTCTGTTCGACCATTAAAATTCT"
"59",4,"TTATAATTAATAAAGTTTATATTAAATTAATTGTTTGCGACCTCGATGTTGAATTGCGGAGTGCTGATAGAGTAGAATTTATCAAGCTACGGGTCTGTTCGACCCTTTTACCCGC","TTATAATTAATAAAGTTTATATTAAATTAATTGTTTGCGACCTCGATGTTGAATTGCGGAGTGCTGATAGAGTAGAATTTATCAAGCTACGGGTCTGTTCGACCCTTTTACCCGC"
"63",4,"TAATTTTTTTTAAGAGCCCATATCTACAAGAAAGTTTGCGACCTCGATGTTGCCTTAGGATACCCAGAAGGTGCAGCAACTTTCAAAGGTTGGTCTGTTAGCCCATTAAAATCCCT","TAATTTTTTTTAAGAGCCCATATCTACAAGAAAGTTTGCGACCTCGATGTTGCCTTAGGATACCCAGAAGGTGCAGCAACTTTCAAAGGTTGGTCTGTTAGCCCATTAAAATCCCT"
"30",3,"TGCCTGTTAAAATAGTTCATATAAAAATAACAGATAACGGCCTCGATGTTGAATTAAGTAATCCTAAAATAGAAAAAGATTTTAAGGAAGGGTCTGTTCGACCCATAGCTACTT","TGCCTGTTAAAATAGTTCATATAAAAATAACAGATAACGACCTCGATGTTGAATTAAGTAATCCTAAAATAGAAAAAGATTTTAAGGAAGGGTCTGTTCGACCCATAGCTACTT"
"1",3,"TGCCTGTTAAAATAGTTCATATAAAAATAACAGATAACAGCGCAATTTCTCCCGAAAGATGGTATTGGAGGGGAAGATTGCGACCTCGATGTTGGCTTTAGATATCCTAGAGGCGTAGAAGCTTCTAATGGTGGGTCTGTTCGCCCTTTAAAATCTA","CAATTTCTCCCGAAAGATGGTATTGGAGGGGAAGATTGCGACCTCGATGTTGGCTTTAGATATCCTAGAGGCGTAGAAGCTTCTAATGGTGGGTCTGTTCGCCCTTTAAAATCTA"
"99",2,"TTATGATTAATAAAGTTCTTATTGAATTAATTGTTTGCGACCTCGATGTTGAATTGCGGATTAGTAGTAAAGTAGAAATTACTATTGAAGGGTCTGTTCGACCCCCTGGCCGC","TTATGATTAATAAAGTTCTTATTGAATTAATTGTTTGCGACCTCGATGTTGAATTGCGGATTAGTAGTAAAGTAGAAATTACTATTGAAGGGTCTGTTCGACCCCCTGGCCGC"
"81",2,"CAATGTCTTCATTAAGCACATATTTGAGAGGGCGGTTGCGACCTCGATGTTGAATCAGGATTATCTATCAGGTGTAGCAGCTTTGTAAGTGGGACTATTCGTCCTTTAAAATCCT","CAATGTCTTCATTAAGCACATATTTGAGAGGGCGGTTGCGACCTCGATGTTGAATCAGGATTATCTATCAGGTGTAGCAGCTTTGTAAGTGGGACTATTCGTCCTTTAAAATCCT"
"98",2,"TTATTTTTTTAGAGAGTTCTTATCGATAAAAAAGTTTGCGACCTCGATGTTGGACTAAAATATCCTAATTGTGTAGCAGCTATTGAGGGTGGGTCTGTTCGACCCTTAAAATTTT","TTATTTTTTTAGAGAGTTCTTATCGATAAAAAAGTTTGCGACCTCGATGTTGGACTAAAATATCCTAATTGTGTAGCAGCTATTGAGGGTGGGTCTGTTCGACCCTTAAAATTTT"
