"","taxa_id","seq"
"1","OTU00001","TAATTCTTTATGAGCTTGCGACCTCGATGTTGGACTAGGAATTTGGTAGGCTAGCCGCCTATTTATATTGTTCTGTTCGAACTATTTTTCCT"
"2","OTU00002","TAATTCTTTTGAGTTTGCGACCTCGATGTTGGACTAGGAATTTAATCGGCTAGCCGCCTGTTAACATTGTTCTGTTCGAACAGTTTTTCCT"
"3","OTU00003","CAATTTCTCCCGAAAGATGGTATTGGAGGGGAAGATTGCGACCTCGATGTTGGCTTTAGATATCCTAGAGGCGTAGAAGCTTCTAATGGTGGGTCTGTTCGCCCTTTAAAATCTA"
"4","OTU00004","CAATCCTCTTTTAGAGCCCATATCGACAAGAGGGTTTACGACCTCGATGTTGGATCAGGACATCCTAATGGTGCAGCCGCTATTAAGGGTTCGTTTGTTCAACGATTAAAGTCCT"
"5","OTU00005","TAATCTTTTTTGAGAGTTCTAATCGACAAAAAGGTTTGCGACCTCGATGTTGGACTAAAATTTAGGCAGGGTGCAGCAGTTCTGCTTTTAGGTCTGTTCGACCTATAATATTTT"
"6","OTU00006","CAATCCCTTCTTAGAGCCCATATCGACGAAGGGGTTTACGACCTCGATGTTGGATCAGGACATCCTAATGGTGCAGCCGCTATTAAGGGTTCGTTTGTTCAACGATTAATAGTCCT"
"7","OTU00007","TAATCTTTTTTGAGAGTTCTAATCGACAAAAAGGTTTGCGACCTCGATGTTGGACTAAAATTTAGATGTGGTGCAGCAGCTACATTTTAGGGTCTGTTCGACCCATAATATTTT"
"8","OTU00008","CAATCCTCTTTTAGAGCCCATATCGACAAGGGGGTTTACGACCTCGATGTTGGATCAGGACATCCTAATGGTGCAGCCGCTATTAAGGGTTCGTTTGTTCAACGATTAAAGTCCT"
"9","OTU00009","CAATTTCTCCCGAAAGATGGTATTGGAGGGGAAGATTGTGACCTCGATGTTGGCTTTAGGTGTCCTAGAGGCGTAAAAGCTTCTAAGGGTGGGTCTGTTCGCCCTTTAAAATCTA"
"10","OTU00010","CAATCCTATTCTAGAGTCCATATCAACAATAGGGTTTACGACCTCGATGTTGGATCAGGACATCCCGATGGTGCAGCCGCTATTAAAGGTTCGTTTGTTCAACGATTAAAGTCCT"
"11","OTU00011","CAATCCCTTCCCAGAGTCCATATCGACGAAGGGGTTTACGACCTCGATGTTGGATCAGGACATCCTAATGGTGCAGCCGCTATTAAGGGTTCGTTTGTTCAACGATTAAAGTCCT"
"12","OTU00012","CAACCTCCTTGGATAGCCCACATTGATAAGGACTCTTGTGACCTCGATGTTGAATTACAGGTACTAATTGGTGAAGCAGCCTTTGTAGACAGTCTGTTCGACTAATAACCCCTTT"
"13","OTU00013","TAATCTTTTTTTAGAGTTCTTATTGAAAAAAAGGTTTGCGACCTCGATGTTGGACTAAGATATCCTGAAGGTGTAGAAGTTTTCAATGGTTAGTCTGTTCGACTATTAAAATCTT"
"14","OTU00014","CAATCCTCTCCCAGAGTCCCTATCGACGAGGGGGTTTACGACCTCGATGTTGGATCAGGACATCCTAATGGTGCAGCCGCTATTAAGGGTTCGTTTGTTCAACGATTAAAGTCCT"
"15","OTU00015","CAATCCTCTCCCAGAGTCCCTATCGACGAGGGGGTTTACGACCTCGATGTTGGATCAGGACATCCTATTGGTGCAGCCGCTAATAAGGGTTCGTTTGTTCAACGATTAAAGTCCT"
"16","OTU00016","TAATTCTTTTGAGTTTGCGACCTCGATGTTGGACTAGGAATTTAACCGGCTAGCCGCCTGTTAACATTGTTCTGTTCGAACAGTTTTTCCT"
"17","OTU00017","TTATACCTTTTTAGAGCCCCTATCGCCAAAGGTGTTTACGACCTCGATGTTGAATTGAAGTACCTATTTTAAGCAGCCTTAAAACAAGGAAGTCTGTTCGACTTTTAATTTTTC"
"18","OTU00018","TAATCCTCCCGGCGAGACCACATTAAGGGGAGGGTTTGCGACCTCGATGTTGGCTTAGGGCTTCCTAGAAGTGCAGGGGCTTCTAAGGGTTGGTCTGTTCGACCATTAAAGCCTT"
"19","OTU00019","TTATCTTTTCTGAGAGTTCATATTGACGAAAAGGTTTGCGACCTCGATGTTGGATCGGGACATCCTAAGGGTGCAGAAGCTTTTAAGGGTTGGTCTGTTCGACCATTAAAGTCCT"
"20","OTU00020","TAATTCTTTTTGAGCTTGCGACCTCGATGTTGGACTAGGAATTTGGTAGGCTAGCCGCCTATTTATATTGTTCTGTTCGAACTATTTTTCCT"
"21","OTU00021","TAATCCCTCCTAAGAGCCCGCATTGCCGGAGGGGTTTGCGACCTCGATGTTGGATCGGGGAACCCCGATGGTGCAGCCGCTATCAACGGTTGGTCTGTTCGACCATTAAAACCCC"
"22","OTU00022","TAATTCTTTATGAGCTTGCGACCTCGATGTTGGACTAGGAATTTGGCAGGCTAGCCGCCTATTTATATTGTTCTGTTCGAACTATTTTTCCT"
"23","OTU00023","TAATTTGGTTCCCGAAAGATCTTATTAAGGGAAGAGTGTGCGACCTCGATGTTGAATTAAAGGAGCTTTTTGGTTGAAAATGCTAAAAGGGCAAAACTGTTCGTTTTTTAATCCTTT"
"24","OTU00024","TAATTCTTTATGAGCTTGCGACCTCGATGTTGGACTAGGAATTTGGTAGGCTAGCCGCCTGTTTATATTGTTCTGTTCGAACTATTTTTCCT"
"25","OTU00025","TAATTTTTTCTGAGAGGCCTAATTGAAGAAAAAGCTTGCGACCTCGATGTTGGATTAGGGTTTCTGTTTGGCGTAGGAGCTAAATAAGTAGGACTGTTCGTCCTTTAAAACCCT"
"26","OTU00026","TGCCTGTTAAAATAGTTCATATAAAAATAACAGATAACGACCTCGATGTTGAATTAAGTAATCCTAAAATAGAAAAAGATTTTAAGGAAGGGTCTGTTCGACCCATAGCTACTT"
"27","OTU00027","CAATTTCTCCCGAAAGATGGTATTGGAGGGGAAGATTGTGACCTCGATGTTGGCTTTAGGTGTCCTAGAGGCGTAAAAGCTTCTAAAGGTGGGTCTGTTCGCCCTTTAAAATCTA"
"28","OTU00028","TAATACTTTTATAGAGCTCTTATCGTTAAAAGTGCTTTCGACCTCGATGTTGAATTGAATTCTCTTTATAGAGCAGTCTTTATAAAAGAAAGTCTGTTCGACTTTTAAAAATTC"
"29","OTU00029","TTATTTCTTCAGAAAGATCATATTTATGAAGAAGATTGCGACCTCGATGTTGAATTAAAAGATCACTAGGGGGTAGAAAGTCTAGAAGAGGGTTTGTTCAACCTTTAAAATTTT"
"30","OTU00030","TAATATTTATTAACAAGATCACATTATTAATAAAGAGTACGACCTCGATGTTGAACTAAAGGGAAGCTAATGTATAATCTAGTGTCTATCGTCTGTTCGCCGATTTACCTTT"
"31","OTU00031","CAATTTCTCCCGAAAGATGGTATTGGAGGGGAAGATTGCGACCTCGATGTTGGCTTTAGATATCCTAGAGGCGTAGAAGCCTCTAATGGTGGGTCTGTTCGCCCTTTAAAATCTA"
"32","OTU00032","CAATCCTGTTTGAGAGTCCATATCGACAATAGGGTTTACGACCTCGATGTTGGATCAGGACATCCTAATGGTGCAGCAGCTATTAAGGGTTCGTTTGTTCAACGATTAAAGTCCT"
"33","OTU00033","TAATTCTTTATGAGCTTGCGACCTCGATGTTGGACTAGGAATTTGGTAGGCTAGCCGTCTATTTATATTGTTCTGTTCGAACTATTTTTCCT"
"34","OTU00034","TTATCTTCTTTTAGAGGACTAATCGAAAAGAAGGTTTGCGACCTCGATGTTGGATTTGGGTATCTGTCTGGTTGCAGGAGCTAGAGGAGTAGGACTGTTCGTCCTTTAAAACTCA"
"35","OTU00035","TAATTTTCTTTGAGAGCTCTTATCTACAAGAAAGATTGCGACCTCGATGTTGAATTAAAATTTCTTTAAGGTGTAGCAGCTTTAATAGAAGGTCTGTTCGACCTTTAAATTTTT"
"36","OTU00036","TAATCTTTTTGGAGAGTTCTTATCGATAAAAAGGTTTGCGACCTCGATGTTGGATTAAGAAATTAGCAAGGTGCAGAAGTTTTGTTGGAAAGTCTGTTCGACTTTTGATTTCTT"
"37","OTU00037","CAATCCCCTCTTAGAGCCCATATCGACGAGGGGGTTTACGACCTCGATGTTGGATCAGGACATCCTAATGGTGCAGCCGCTATTAAGGGTTCGTTTGTTCAACGATTAAAGTCCT"
"38","OTU00038","TTATTTTTTCTAAGAGACCTAATTGAAGAAAAAGTTTTCGACCTCGATGTTGGATTAAGGTTTCTTTTGGGCGCAGTTGTTCAAATAGTAAGATTGTTCATCTTTTAAAACTTT"
"39","OTU00039","TAATTTTTCTTTATAGTCCGCATTGAAAGAGAAGATTGCGACCTCGATGTTGGATTAAGGTGACCAGAGGGCGTAGGGGCCCTCTAAGGTTGGTTTGTTCGCCCATAAAAACCCTT"
"40","OTU00040","CAATCCCCTTTTAGAGCCCCTATCGACAAGGGGGTTTACGACCTCGATGTTGGATCAGGACATCCTAATGGTGCAACCGCTATTAAGGGTTCGTTTGTTCAACGATTAAAGTCCT"
"41","OTU00041","TAATCTTCCTTGATAGTTCTTATAGATGGGGGGGTTTGCGACCTCGATGTTGGCTCTGGGTATCCTGAGGCTTGCAGGCGGTCTCAAGGGTTGGTTCGTTCGCCCATTAAAACCCG"
"42","OTU00042","TAATTCTTTATGAGCTTGCGACCTCGATGTTGGACTAGGAATTTGGTGGGCTAGCCGCCTATTTATATTGTTCTGTTCGAACTATTTTTCCT"
"43","OTU00043","TAATTCTTTATGAGCTTGCGACCTCGATGTTGGACTAGGAATTTGGTAGGCTAGCCGCCTATTTATATTGTCCTGTTCGAACTATTTTTCCT"
"44","OTU00044","TAATTTTTTTTATGAGTTCTTATTAAAAAAAAAGATTGCGACCTCGATGTTGACTTATGGTTTCCTTTTGGTGCAGTAGCTATTAGGGTGGGTCTGTTCGACCTTTAAAACCTT"
"45","OTU00045","TGCAGCACAATCTAGTGTGTAACGACCTCGATGTTGAATTAAAGCTCCTTGCCCCCAGCCGGGGCTATGGTGAAGTCTGTTCGACTTGATGCTTT"
"46","OTU00046","TTATTTCTTCTGAGAGATCTAATTGAAGAAGAAGATTGCGACCTCGATGTTGGATTAGGATTTCTTGTTGGCGTAGAGGCTAGTTGAGTAGGACTGTTCGTCCTTTAAAATTCT"
"47","OTU00047","TTATCTTTTTTTAGAGAACTAATCGAAAAAAAGGTTTGCGACCTCGATGTTGGATTTGGGTAGCCATTTGGTTGTAGGGGCTAAAAGGGTAGGACTGTTCGTCCTTTAAAACTCA"
"48","OTU00048","TTATTTTTCTTTATAGTCCGTATAGAAAGAAAAGATTGCGACCTCGATGTTGGATTAAGGTGTCCTGAAGGTGTAGAAGCCTTTTAGGGTTGGTCTGTTCGCCCATAAAAACCCTT"
"49","OTU00049","TAATTCTTTATGAGCTTGCGACCTCGATGTTGGACTAGGAATTTGGTAGGCTAGCCGCCCATTTATATTGTTCTGTTCGAACTATTTTTCCT"
"50","OTU00050","CAATGTCTTTTCAGAGCCCTCATCGGCAAAGACGTTTACGACCTCGATGTTGAATTGAAGAACCTACGTGAAGCAGCCCTCACGAAAGGAAGTCTGTTCGACTTTTAATCCTTC"
"51","OTU00051","CAATTTACTTGGTGAGTTGGTATCTATGGGTAAGTTTGTGACCTCGATGTTGGACTAAGATATCCTTCAAGTGCAGCGGTTTGAAAGGGTTGGTCTGTTCGACCATTAATATCTT"
"52","OTU00052","TAATTCTTTTGAGTTTGCGACCTCGATGTTGGACTAGGAATTTAATCGGCTAGCCGCCTGTTAACATTGTTCTGTTCGAGCAGTTTTTCCT"
"53","OTU00053","TAATCTTCCCCGAGAGTTCTTATCTACAGGAAGGATTGCGACCTCGATGTTGGACTAGGATATCCCGAAGGTGCAGCAGCTTTCAAGGGTAGGTCTGTTCGACCTTTAAAATCCT"
"54","OTU00054","TAATTTTTTTGGAGAGTTCAAATCGATAAAAAAGATTGCGACCTCGATGTTGGACTAAGAATTATTTTAGGTGTAGAAGTTTAAATTTTAAGTCTGTTCGACTTTTAAATTCTT"
"55","OTU00055","CAATGTTTTTTTAGAGCCCTCATCGGCAAAAGCGTTTACGACCTCGATGTTGAATTGAAGAACCTCCGCAGAGCAGCCCTTGCGAAAGGAAGTCTGTTCGACTTTTTATCCTTC"
"56","OTU00056","CAATTTCTCCCGAAAGATGGTATTGGAGGGGAAGATTGCGACCTCGATGTTGGCTTTAGATGTCCTAGAGGCGTAGAAGCTTCTAATGGTGGGTCTGTTCGCCCTTTAAAATCTA"
"57","OTU00057","CAATTTCTCCCGAAAGATGGTATTGGAGGGGAAGATTGCGACCTCGATGTTGGCTTTAGATACCCTAGAGGCGTAGAAGCTTCTAATGGTGGGTCTGTTCGCCCTTTAAAATCTA"
"58","OTU00058","CAATCATTTTGGTAAGGCCAAATTTAAGGAATGGTTTGCGACCTCGATGTTGAATCAAAATTTCTACCCGGTGCAGCAATTGGGTTAGTAGGACTGTTCGTCCTTTAAAATTTT"
"59","OTU00059","CGACAAATTAAGAGTTCAAATCTAATCTTTTTATAGCGACCTCGATGTTGAATTAGGGACTAGTTACTAGTAGAAAAGTAATTAACGGGACTGTTCGGCCCTTTCCCCT"
"60","OTU00060","TTATTTTTTTTGAGAGTTCATATCGAAAAAAAAGTTTGCGACCTCGATGTTGAATTAAAATAATCTTTTTAGTGCAGCCGCTATAGAAGAGGGTCTGTTCGACCTTTAAAATTTT"
"61","OTU00061","TAATTTTTTATGAGCTTGCGACCTCGATGTTGGACTAGGAATTTGGTAGGCTAGCCGCCTATTTATATTGTTCTGTTCGAACTATTTTTCCT"
"62","OTU00062","TAATTTTCTCTTTTAGTTCATATAAAAGAGAGAGTTTGCGACCTCGATGTTGGATTAAGATAAAATTTAAATGTAAAAGTTTAAATTTTTTGATCTGTTCGATCATTAAAATCTT"
"63","OTU00063","TTATTTTTCTTGAGAGTTCATATCGAAAGAAAAGATTGCGACCTCGATGTTGAATTAAAATTTCTAAGTTATTGCAGAAGTCACTTTAGAAGGTCTGTTCGACCTTTAAATTTTT"
"64","OTU00064","TAATCCCCCCTGAGAGTTCGTATTGAAGGGTGGGTTTGCGACCTCGATGTCTGCTTAACGCATCCTCCTGGTGAAGCAGCTGGGAAGGGTAGCACTGTTCGTGCTCTAAGGCGTT"
"65","OTU00065","TTATTTTTCTTAAGAGTTCTTATTAAAAGAAAAGATTGCGACCTCGATGTTGGACTAAAGTGTCCTGAAGGTGCAGAAGCCTTCAAGGGTTGGTCTGTTCGACCATTAAAACTTT"
"66","OTU00066","TTATTTTTCTTTATAGTTCGTATAGAAAGAGAAGATTGCGACCTCGATGTTGGATTAAGGTGTCCTGAAGGTGTAGGAGCCTTCCAGGGTTGGTCTGTTCGTCCATAAAAACCCTT"
"67","OTU00067","TAATCCTATCTAAGAGATCTAATCGCAGGTAGGGTTTGCGACCTCGATGTTGGATTAGGGTATCCGGAAGGTGCAGCAGCTTTCAACGGTGGGCCTGTTCGGCCTATAACACCCT"
"68","OTU00068","TAATTTTCTCTGAGAGGACTAATTGAAGAGTTAGATTGCGACCTCGATGTTGGATTAGGGTACCTTTCTGGTGCAGCCGTTAGCAAAGTAAGACTGTTCGTCTTTTAAAACCCT"
"69","OTU00069","TAATTTAACTTCTTAAAGATTTTATTAAAGAAGGAGTTTGCGACCTCGATGTTGAATTAAAGGAGCTTTTTGGTTGAAGATGCTAAATAAGCAAAACTGTTCGTTTTTTAATGCTTT"
"70","OTU00070","CTAATTCTTTTAAAGCCCACATTAAAATCGCCTTTGTGACCTCGATGTTGAATTAAGACCCAGGAAAGGTGTAGCCGTTTTTCTGATAGGCCTGTTCGGCCTTCCCCTCTT"
"71","OTU00071","TAATCTTTTCTTAGAGGACTTATCGAAGAAAGGGTTTGCGACCTCGATGTCGGCTCAACGCTTCCTTTGGGTGTAGGAGCTCAAAAGGGTTGGTATGTTCGCCCATTAATGCGTT"
"72","OTU00072","CAATTTCTCCCGAAAGACGGTATTGGAGGGGAAGATTGTGACCTCGATGTTGGCTTTAGGTGTCCTAGAGGCGTAAAAGCTTCTTAGGGTGGGTCTGTTCGCCCTTTAAAATCTA"
"73","OTU00073","TAATATTCTTGGAGAGTTCTTATCGATAAGAAAGTTTGCGACCTCGATGTTGGATTAAGAAATTGGTGAGGTGCAGAAGCTTCACAGGAAAGTCTGTTCGACTTTTAATATCTT"
"74","OTU00074","TAATTTTTTTGGAGAGTTCATATTGATAAAAAAGTTTGCGACCTCGATGTTGGATCGAGATTTCCTAGAGATGCAGCAGTTTCTGAGGGTTGGTCTGTTCGACCATTAAAATCTT"
"75","OTU00075","TTATTTCTTTTGAGAGCCCATATCGAAAAAGAAGTTTGCGACCTCGATGTTGAATTAAAATATCTAAATAATGCAGCAGTTATTAAAGAAGGTCTGTTCGACCTTTAAATTTTT"
"76","OTU00076","TAAAATAATTTAGAGACCTAATTTATGTTTATATTTACGACCTCGATGTTGAATTAAGAATAACCAAGGAGCAGAAATTTTGGCCTTATAGATTGTTCATCTATAAATTCTT"
"77","OTU00077","TAATTCTTTTGAGTTTGCGGCCTCGATGTTGGACTAGGAATTTAATCGGCTAACCGCCTGTTAACATTGTTCTGTTCGAACAGTTTTTCCT"
"78","OTU00078","TAAAATAATTTAAAGACCTTATTAATATTTATGTTTACGACCTCGATGTTGAATTAAGAAATTTTAAAAAGCAGAAATTTTAAAAATATTAGATTGTTCATCTATTTTTTCTT"
"79","OTU00079","CAACACACTTGTGGAGACCACATTTGTAAGTGGATTTGTGACCTCGATGTTGAATTAAAGGTGCTGTCTAGCGCAGCTGTTAGACAAGTAAGTCCGTTCGACTTTTAAACCTTT"
"80","OTU00080","TTATTTTTCCTGAGAGATCGAATTGAGGGAAAAGTTTGCGACCTCGATGTTGGATTATAGAAACTTTATGGTGCAGCAGCTATAATTGTGAGACTGTTCGTCTTTTAAATCTAT"
"81","OTU00081","TAAAATCGGTTATAGCTCTTATAGGCACCCTTATTACGACCTCGATGTTGAATTAAATATTCTAGTGCAGCTGCTATTAAAAAAAGTCTGTTCGACTAATTATATTT"
"82","OTU00082","CAATCATTCTGATAAGGCCATATTTAAGGAGTGGTTTGCGACCTCGATGTTGAATCAAAATTTCTACTTGGTGTAGCAGCTAAGTTAGTGGGACTGTTCGTCCTTTAAAATTTT"
"83","OTU00083","TAATTTTTTCATAAAGTTCTTATTGAAGAAAAAGTTTGCGACCTCGATGTTGACTTGTTATCTCCTTCTAAGGTGCAGTAGCTGTAAGGGTTAGTCTGTTCGACTATTAAAATAAC"
"84","OTU00084","TTATAAAATTAAAGAGACCTTATCTCCAATTTTGATTGCGACCTCGATGTTGAATTAATAAATCCGCGCGGGGCAGCCCCCGCAAAGGAAGGTTTGTTCAACCTTTAATTTATT"
"85","OTU00085","TTATTTCTTCTGAGAGATCTAATTGAAGAAGAAGATTGCGACCTCGATGTTGGATTAGGATTTCTTGTTGGCGTAGAGGCTAGTTGAGTAGGACTGTTCGTCCTTTAAAATCTA"
"86","OTU00086","TAATCCTGATTGAGAGTTCATATTGAAGTCAGGGTTTGCGACCTCGATGTCTGCTCATCGCATCCTCCTGGTGAAGAAGCTAGGAAGGGTAGGGCTGTTCGCCCTCTAAGGCGGT"
"87","OTU00087","CAATGTAGTATACAGGCCTCATGTTCTACTACTCTTGTGACCTCGATGTTGAATTAAGAAAACATTAGGTGTAGCAGCTTAAAATGTATTTGTCTGTTCGACAAAATAACTCTT"
"88","OTU00088","TAATCTTCCTGGAGAGGTCTTATCTATAGGAAGGGTTGCGACCTCGATGTTGAATTAAAATTTCCGGGCGAAGCAGCAGGTGCCGTAGGAGGGTTTGTTCAACCTTTAATTTTTT"
"89","OTU00089","TTATTCTACCAAAGAGATCTAATCGAAGGTAGAGTTTGCGACCTCGATGTTGGACTAAGGTAACCTGTAAGTGTAGAAGTTTACAAGGGTAAGCCTGTTCGGCTTTTAAAACCTT"
"90","OTU00090","CAATCTTCCTGATAAGGCCATATTTAAGGGATGGTTTGCGACCTCGATGTTGAATCAGAATTTCTATTAGGTGTAGCAGCTTAATAAGTGGGACTGTTCGTCCTTTAAAATTCT"
"91","OTU00091","TAATTTTTTTGGAGAGTTCATATCGATAAAAAAGATTGCGACCTCGATGTTGGACTAAGAATTATTTTAAATGCAGAAGTTTAAATTTTAAGTCTGTTCGACTTTTAAATTCTT"
"92","OTU00092","CAATCACTCTGATAAGGCCATATTTAAGGAGTGGTTTGCGACCTCGATGTTGAATCAAAATTTCTACTTGGTGTAGCAGCTTAGTTAGTGGGACTGTTCGTCCTTTAAAATTTT"
"93","OTU00093","TAATGGATTAGGAGAGCCCATATCTATTAATTTTTTGCGACCTCGATGTTGAATTAATAAACCTAAATAAAGCAGTTTTTATTTAAGGGGGTTTGTTCAACCTTTTAATTATT"
"94","OTU00094","TAATCTTTTTTGAGAGTTCTTATCGAAAAATAGGTTTGTGACCTCGATGTTGGACTAGAATATCCTGATAGATGCAGCTGTCTTCAAGGGTTGGTCTGTTCGACCATTAAAATTCT"
"95","OTU00095","TTATTGTTATTAAAGATCTTATTAAAATAATAGTTTGCGACCTCGATGTTGAATTGCGGTGTGTGATCAGAGTAGAAATTGTTCTCCATAGGTCTGTTCGACCTTTTACCCGC"
"96","OTU00096","CAATCTCTTTGTCGAGGTCATATTAGAGAAGGGGTTTGCGACCTCGATGTTGAATCAGAATTCCTATCAGGCGGAGAGGTTTGGTAAGTGGGACTGTTCGTCCTTTGAAATTCT"
"97","OTU00097","TAATAACCATCAAGAGACCAAATTAGGGTGGGTGTTGACGACCTCGATGTTGGATTAAGGAATCTCCGCGGTGCAGCCGCTGCGGTAGAAAGTCTGTTCGACTTTTGAACCCTT"
"98","OTU00098","TTATCCCTTTTTAGAGATCAAATCAAGAAAGGGGCTTGCGACCTCGATGTTGGATTAGAGGTTCCTTTTGGTGCAGAAGCTAAAATGGAGAGACTGTTCGTCTTTTAATTCTCT"
"99","OTU00099","TTATCTTCCTTGAGAGAACAAATTGAAGGGGAGGTTTGCGACCTCGATGTTGGATTAGAGTTTCCTTTTGGCGCAGAAGCTTAAAGGGTAAGACTGTTCGTCTTTTAAAGCTTT"
"100","OTU00100","CAATCTTCTTGATAAGGCCATATTTAAGAGATGGTTTGCGACCTCGATGTTGAATCAGGATAATCTATTAGGTGTAGCAGCTTTGTAAGTGGGACTGTTCGTCCTTTAAAATCCT"
"101","OTU00101","CAATCACTTTGATAAGGCCATATTTAAGAAGTGGTTTGCGACCTCGATGTTGAATCAGAATACCTACTTGGTGTAGCAGCTAAGGAAGTGGGACTGTTCGTCCTTTAAAATTTT"
"102","OTU00102","TTATTTCTTTTGAGAGTTCTTATTGAAAAAGAAGTTTGCGACCTCGATGTTGAATTAAAGAATCTTTATAGTGCAGCAGTTATAAAAAGAAGGTCTGTTCGACCTTTAAATCTTT"
"103","OTU00103","TAATTTTCTCGGAGAGATCTTATCTATGGGAAGGGTTGCGACCTCGATGTTGAATTAAAATTTCCAGGTGAAGCAGCAGGTGCCTTAGGAGGGTTTGTTCAACCTTTAATTTTTT"
"104","OTU00104","TTATAATTAATAAAGTTCATATTGAATTAATTGTTTGCGACCTCGATGTTGAATTGCGGAGTGCTGATAGAGTAGAAATTATCAAGCTACGGGTCTGTTCGACCCTTTTTACCCGC"
"105","OTU00105","TAATCTTTCTGGAGAGATCTAATCGAAAGAAGGGTTTGCGACCTCGATGTTGGACTAAGGTATCCTAAGGGTGTAGAAGTTCTTGAGGGTTGGTCTGTTCGACCATTAAAACCTT"
"106","OTU00106","TAATCTTTTTTTAGAGTTCTTATCAAAAAAAGGGTTTGCGACCTCGATGTTGGACTAAGGTATCCTAAAGGTGTAGAAGCTTTTGATGGTAGGTCTGTTCGACCTTTAAAACCTT"
"107","OTU00107","TAATCTCTTTTGAGAGTCCTTATCAAAAAAGGGGGTTGCGACCTCGATGTTGGATTAGGGTATCCCAAGGATGCAGCAGTTCTTAAAGGTTGGTCTGTTCGACCATTAAAACCCT"
"108","OTU00108","TAATACCTTCAGAGAGATCCTATTGATGAAGGAGGTTGTGACCTCGATGTTGAATTAAAGAAGATTTTCTTTTGTAGAAGAAAGAAGATTAGGTCTGTTCGACCTTTAATGCTTT"
"109","OTU00109","TAATCTTTTCAGAGAGTTCTTATTGAAGAAAAGGATTGCGACCTCGATGTTGACTTGCTTTTTCCTTTTAAGGTGTAGACGCTAAAAGGGTTGGTCTGTTCGACCATTAAAATAGT"
"110","OTU00110","TAATTTTTTTTAAGAGCCCATATCTACAAAAAAGTTTGCGACCTCGATGTTGCCTTAGGATACCCCAAAGGTGCAGCAACTTTTAACGGTTGGTCTGTTAGCCCATTAAAATCCCT"
"111","OTU00111","TAATCCTCTTTGCAAGTTCATATTAAAAAGAGATTTTGCGACCTCGATGTTGGACTAAAATATCCTAAAGATGCAGAAGTCTTTAAGGGTTGGAGCGTTCTCCCATTAAAATTTT"
"112","OTU00112","TTAAATAATTTTAAGTTCTTATTTAAATTTTTTCTTACGACCTCGATGTTGAATTAAGAAATGTAGTAGTGTAGAAGCTAATTATATGAAGTCTGTTCGACTTGAGTTTTCTT"
"113","OTU00113","TCATTTTTCTTTATAGTCCAAATTGAAAGAAAAGTTTACGACCTCGATGTTGGATTAAGGTGACCAGGGGGCGTAGGGGCTCCCTAAGGTTGGTTTGTTCGCCCATAAAAACCCTT"
"114","OTU00114","CAAGATAACCCGAGAGATCTTATCGAAGGTTGTATTTGTGACCTCGATGTTGGATTAGAGCAGACCTCTTGGCGTAGAAGTTAAGATAGGTGGGACTGTTCGTCCCTTAATTCTCT"
"115","OTU00115","TAATTCTTTTTAAGAGATCTTATTGAGGGAAGAGTTTGCGACCTCGATGTTGGATTAGAAAAACTTTTTGGTGTAGCAGCTAGAAGTTGTAAGACTGTTCGTCTTTTAATTTTCT"
"116","OTU00116","TAAAAACTTTTATAGTTCTTATAGAATAAGTTATTTGTGACCTCGATGTTGAATTAAGAAAAAAGCTAAATGGAGAAATTTAAGCGAGACTATCTGTTCGATAGATAAATTCTT"
"117","OTU00117","CAATGTTCTTATTAAGCACTAATTTGAGAGGGCGATTGCGACCTCGATGTTGAATCAGGGTATCTACCAGGTGTAGCAGCTTGGTAAGTGGGACTGTTCGTCCTTTGAAACCTT"
"118","OTU00118","CAATCCTATTCTAGAATCCATATCGACAACAGGATTTACAACTTTGATGTTGGATCAGGACATCCTAATGGTGTAGCCGCTATTAAGCGTTCATTTGATTAAAGTCCT"
"119","OTU00119","TTATAATTAATAAAGTTTATATTAAATTAATTGTTTGCGACCTCGATGTTGAATTGCGGAGTGCTGATAGAGTAGAATTTATCAAGCTACGGGTCTGTTCGACCCTTTTACCCGC"
"120","OTU00120","TAATTTTTTTTAAGAGCCCATATCTACAAGAAAGTTTGCGACCTCGATGTTGCCTTAGGATACCCAGAAGGTGCAGCAACTTTCAAAGGTTGGTCTGTTAGCCCATTAAAATCCCT"
"121","OTU00121","TTATGATTAATAAAGTTCTTATTGAATTAATTGTTTGCGACCTCGATGTTGAATTGCGGATTAGTAGTAAAGTAGAAATTACTATTGAAGGGTCTGTTCGACCCCCTGGCCGC"
"122","OTU00122","CAATGTCTTCATTAAGCACATATTTGAGAGGGCGGTTGCGACCTCGATGTTGAATCAGGATTATCTATCAGGTGTAGCAGCTTTGTAAGTGGGACTATTCGTCCTTTAAAATCCT"
"123","OTU00123","TTATTTTTTTAGAGAGTTCTTATCGATAAAAAAGTTTGCGACCTCGATGTTGGACTAAAATATCCTAATTGTGTAGCAGCTATTGAGGGTGGGTCTGTTCGACCCTTAAAATTTT"
